Nº Cultivo,Cepario,ID único,Barcode,BC (rep),BC (rep2),Fecha seq,Fecha seq (rep),Fecha seq (rep2),[DNA],Profundidad,"Calidad (ass,)",Kit Extracción,Kit Barcoding,Posición,Tipo FlowCell,FlowCell,Poros inicio,Poros final,Horas seq,Cepas/run,Cepas a repetir/run,Lmediana (pre),Qmediana (pre),Nreads (pre),Nbases (pre),Lmediana (post),Qmediana (post),Nreads (post),Nbases (post),% Bases Filtrado
1114630,,Kpne_VC_14630,66,,,,,,,,,,,,,,,,,,,,,,,,,,,
1140330,,Kpne_VC_40330,67,,,,,,,,,,,,,,,,,,,,,,,,,,,
1144986,1951-E7,Eclo_VC_44986,11,,,,,,,,,,,,,,,,,,,,,,,,,,,
1173659,,Kpne_VC_73659,68,,,,,,,,,,,,,,,,,,,,,,,,,,,
1232358,1943-F4,Eclo_VC_32358,10,,,,,,,,,,,,,,,,,,,,,,,,,,,
1434474,1971-A7,Eclo_VC_34474,12,,,,,,,,,,,,,,,,,,,,,,,,,,,
1724146,2003-E2,Eclo_VC_24146,7,,,,,,,,,,,,,,,,,,,,,,,,,,,
1745089,2014-D9,Cfre_VC_45089,37,37.0,,2024-05-15,,,x,18.0,0.5,DNeasy Blood & Tissue,SQK-RBK114-96,MN43898,MIN114_DNA_e8_2_400K,FAY95577,1299.0,579.0,17h 32min.,13.0,7.0,1719.0,12.3,55952.0,176839446.0,2224.0,13.5,27477.0,98861696.0,0.5590477590616293
1759267,2018-A4,Eclo_VC_59267,8,,,,,,,,,,,,,,,,,,,,,,,,,,,
1902434,2039-H7,Smar_VC_02434,39,39.0,,2024-05-15,,,x,24.0,4.25,DNeasy Blood & Tissue,SQK-RBK114-96,MN43898,MIN114_DNA_e8_2_400K,FAY95577,1299.0,579.0,17h 32min.,13.0,7.0,1562.0,12.2,60783.0,235693026.0,2739.0,13.3,26451.0,129550983.0,0.5496598062260867
2131001,2027-A1,Kpne_VC_31001,38,38.0,,2024-05-15,,,x,51.0,5.0,DNeasy Blood & Tissue,SQK-RBK114-96,MN43898,MIN114_DNA_e8_2_400K,FAY95577,1299.0,579.0,17h 32min.,13.0,7.0,2289.0,12.2,127238.0,531567258.0,2675.0,13.4,63289.0,288566554.0,0.5428599103069662
2494242,2430-B8,Kpne_VC_94242,28,,,,,,,,,,,,,,,,,,,,,,,,,,,
2535402,2072-F5,Eclo_VC_35402,9,,,,,,,,,,,,,,,,,,,,,,,,,,,
2796818,2129-I1,Eclo_VC_96818,43,43.0,,2024-05-15,,,x,29.0,3.45,DNeasy Blood & Tissue,SQK-RBK114-96,MN43898,MIN114_DNA_e8_2_400K,FAY95577,1299.0,579.0,17h 32min.,13.0,7.0,2298.5,12.3,64296.0,253364226.0,2683.5,13.4,33096.0,143482568.0,0.5663094994318575
2800554,2250-H5,Eclo_VC_00554,44,44.0,,2024-05-15,,,x,58.0,5.0,DNeasy Blood & Tissue,SQK-RBK114-96,MN43898,MIN114_DNA_e8_2_400K,FAY95577,1299.0,579.0,17h 32min.,13.0,7.0,1682.0,12.3,137311.0,489195639.0,2197.5,13.5,68294.0,278714901.0,0.5697411807875908
2801055,2120-F3,Eclo_VC_01055,42,42.0,,2024-05-15,,,x,32.0,3.65,DNeasy Blood & Tissue,SQK-RBK114-96,MN43898,MIN114_DNA_e8_2_400K,FAY95577,1299.0,579.0,17h 32min.,13.0,7.0,1519.0,12.2,108340.0,300728127.0,1960.0,13.4,52623.0,169603275.0,0.5639754308714862
2801561,2121-D8,Kaer_VC_01561,22,22.0,,2023-07-25,,,x,46.0,5.0,DNeasy Blood & Tissue,FLO-MIN106,MN40875,MIN106_DNA,FAW24535,1396.0,1225.0,19h 30min.,14.0,1.0,1990.0,13.0,76900.0,344569762.0,2675.0,13.9,47512.0,249298773.0,0.723507401093425
3056359,2147-C2,Koxy_VC_56359,40,40.0,,2024-05-15,,,x,81.0,4.0,DNeasy Blood & Tissue,SQK-RBK114-96,MN43898,MIN114_DNA_e8_2_400K,FAY95577,1299.0,579.0,17h 32min.,13.0,7.0,2704.0,12.2,162182.0,928388552.0,3415.0,13.3,81338.0,516165267.0,0.5559797844211246
3335198,2368-G9,Eclo_VC_35198,13,,,,,,,,,,,,,,,,,,,,,,,,,,,
4079970,2368-G9,Koxy_VC_79970,41,41.0,,2024-05-15,,,x,34.0,4.25,DNeasy Blood & Tissue,SQK-RBK114-96,MN43898,MIN114_DNA_e8_2_400K,FAY95577,1299.0,579.0,17h 32min.,13.0,7.0,1739.0,12.1,132065.0,398790679.0,2108.5,13.4,62828.0,211605308.0,0.5306174871755215
4570136,2363-H2,Efae_VC_70136,18,,,,,,,,,,,,,,,,,,,,,,,,,,,
4573958,2364-A8,Kpne_VC_73958,17,17.0,,2023-08-23,,,x,46.0,5.0,DNeasy Blood & Tissue,FLO-MIN106,MN40875,MIN106_DNA,FAW24535,1396.0,1225.0,19h 30min.,4.0,0.0,1888.0,12.6,90064.0,395659395.0,2312.0,13.3,51470.0,249557225.0,0.6307375185669483
4588049,2376-H5,Kpne_VC_88049,73,63.0,34.0,2023-09-04,2023-07-25,2023-07-25,x,92.0,5.0,DNeasy Blood & Tissue,FLO-MIN106,MN40875,MIN106_DNA,FAW24535,1396.0,1225.0,19h 30min.,12.0,1.0,1793.0,14.1,144951.0,623729645.0,2556.0,14.9,100665.0,511409466.0,0.8199216921940595
4814388,2395-I2,Kpne_VC_14388,84,84.0,,2023-07-25,,,x,184.0,5.0,DNeasy Blood & Tissue,FLO-MIN106,MN40875,MIN106_DNA,FAW24535,1396.0,1225.0,19h 30min.,14.0,1.0,4610.0,14.4,123563.0,1146589908.0,5201.0,14.8,98579.0,976008802.0,0.8512274486197553
4850660,2414-G8,Pmir_VC_50660,46,46.0,,2024-05-15,,,x,275.0,5.0,DNeasy Blood & Tissue,SQK-RBK114-96,MN43898,MIN114_DNA_e8_2_400K,FAY95577,1299.0,579.0,17h 32min.,4.0,0.0,2310.5,19.8,203820.0,1160597545.0,2870.5,20.4,178126.0,1128060176.0,0.9719649855023603
4882362,2430-D8,Kpne_VC_82362,29,,,,,,,,,,,,,,,,,,,,,,,,,,,
4966508,2430-A7,Kpne_VC_66508,27,,,,,,,,,,,,,,,,,,,,,,,,,,,
4976793,2430-I6,Kpne_VC_76793,59,,,,,,,,,,,,,,,,,,,,,,,,,,,
5109327,2444-C1,Kpne_VC_09327,4,,,,,,,,,,,,,,,,,,,,,,,,,,,
5151831,2466-C5,Kpne_VC_51831,56,,,,,,,,,,,,,,,,,,,,,,,,,,,
5155820,2467-B9,Eher_VC_55820,58,,,,,,,,,,,,,,,,,,,,,,,,,,,
5160357,2468-G6,Kpne_VC_60357,69,,,,,,,,,,,,,,,,,,,,,,,,,,,
6233268,2414-B2,Kpne_VC_33268,67,,,,,,,,,,,,,,,,,,,,,,,,,,,
10375363,2414-B2,Eclo_VC_75363,44,,,,,,,,,,,,,,,,,,,,,,,,,,,
12032040,,Eclo_VC_32040,8,,,,,,,,,,,,,,,,,,,,,,,,,,,
12045850,,Eclo_VC_45850,9,,,,,,,,,,,,,,,,,,,,,,,,,,,
12087024,,Eclo_VC_87024,10,,,,,,,,,,,,,,,,,,,,,,,,,,,
12112581,13-1512,Eclo_VC_12581,11,,,,,,,,,,,,,,,,,,,,,,,,,,,
13043974,13-1512,Eclo_VC_43974,22,,,,,,,,,,,,,,,,,,,,,,,,,,,
13115687,13-5579,Eclo_VC_15687,23,,,,,,,,,,,,,,,,,,,,,,,,,,,
14003354,14-0180--GES-6,Kpne_VC_03354,74,,,,,,,,,,,,,,,,,,,,,,,,,,,
14029095,14-1248,Eclo_VC_29095,25,,,,,,,,,,,,,,,,,,,,,,,,,,,
14046222,14-2061,Eclo_VC_46222,26,,,,,,,,,,,,,,,,,,,,,,,,,,,
14128515,15-0603,Koxy_VC_28515,12,,,,,,,,,,,,,,,,,,,,,,,,,,,
15018352,15-0603,Eclo_VC_18352,19,,,,,,,,,,,,,,,,,,,,,,,,,,,
15024388,15-0894-GES-6,Koxy_VC_24388,73,,,,,,,,,,,,,,,,,,,,,,,,,,,
15103705,15-5057-GES-6,Eclo_VC_03705,47,,,,,,,,,,,,,,,,,,,,,,,,,,,
15115003,15-5723-GES-6,Koxy_VC_15003,72,,,,,,,,,,,,,,,,,,,,,,,,,,,
15161075,15-8139,Eclo_VC_61075,20,,,,,,,,,,,,,,,,,,,,,,,,,,,
16044922,16-1818,Eclo_VC_44922,48,,,,,,,,,,,,,,,,,,,,,,,,,,,
16064773,16-2778-GES-6,Koxy_VC_64773,51,,,,,,,,,,,,,,,,,,,,,,,,,,,
16095678,16-4141,Koxy_VC_95678,52,,,,,,,,,,,,,,,,,,,,,,,,,,,
16097808,16-4221-GES-6,Koxy_VC_97808,71,,,,,,,,,,,,,,,,,,,,,,,,,,,
16098899,16-4311,Eclo_VC_98899,62,,,,,,,,,,,,,,,,,,,,,,,,,,,
16104041,16-4559,Eclo_VC_04041,61,,,,,,,,,,,,,,,,,,,,,,,,,,,
16104875,16-4644,Eclo_VC_04875,63,,,,,,,,,,,,,,,,,,,,,,,,,,,
16106160,16-4689,Eclo_VC_06160,21,,,,,,,,,,,,,,,,,,,,,,,,,,,
16119380,16-5413,Eclo_VC_19380,64,,,,,,,,,,,,,,,,,,,,,,,,,,,
16119440,16-5576-GES-6,Ecol_VC_19440,43,,,,,,,,,,,,,,,,,,,,,,,,,,,
16121169,16-5539,Ecol_VC_21169,70,,,,,,,,,,,,,,,,,,,,,,,,,,,
16123843,16-5674-GES-6,Ecol_VC_23843,42,,,,,,,,,,,,,,,,,,,,,,,,,,,
16133928,16-6160-GES-6,Ecol_VC_33928,68,,,,,,,,,,,,,,,,,,,,,,,,,,,
16133940,16-6265--GES-6,Ecol_VC_33940,69,,,,,,,,,,,,,,,,,,,,,,,,,,,
16136278,16-6259-GES-6-CTX-M-G1,Eclo_VC_36278,65,,,,,,,,,,,,,,,,,,,,,,,,,,,
17017713,17-0694,Eclo_VC_17713,50,,,,,,,,,,,,,,,,,,,,,,,,,,,
17078430,17-3941,Eclo_VC_78430,13,13.0,,2024-05-15,,,x,167.0,5.0,DNeasy Blood & Tissue,SQK-RBK114-96,MN43898,MIN114_DNA_e8_2_400K,FAY95577,1299.0,579.0,17h 32min.,4.0,0.0,2410.0,19.1,184203.0,1081953166.0,2920.0,19.7,164407.0,1057934579.0,0.9778007147122669
17109386,17-5442,Eclo_VC_09386,66,,,,,,,,,,,,,,,,,,,,,,,,,,,
17128231,17-6293,Eclo_VC_28231,14,14.0,,2024-05-15,,,x,61.0,4.0,DNeasy Blood & Tissue,SQK-RBK114-96,MN43898,MIN114_DNA_e8_2_400K,FAY95577,1299.0,579.0,17h 32min.,4.0,0.0,2479.0,19.2,59861.0,311734570.0,2632.0,19.7,53854.0,305368204.0,0.9795776066799393
17146992,17-7108,Eclo_VC_46992,17,,,,,,,,,,,,,,,,,,,,,,,,,,,
17155784,17-7411,Koxy_VC_55784,67,,,,,,,,,,,,,,,,,,,,,,,,,,,
18046681,18-1715,Koxy_VC_46681,59,,,,,,,,,,,,,,,,,,,,,,,,,,,
18087550,18-3243,Kpne_VC_87550,60,,,,,,,,,,,,,,,,,,,,,,,,,,,
18132290,18-5065,Eclo_VC_32290,18,,,,,,,,,,,,,,,,,,,,,,,,,,,
18132833,18-5160,Eclo_VC_32833,57,,,,,,,,,,,,,,,,,,,,,,,,,,,
18139611,18-5414,Eclo_VC_39611,24,,,,,,,,,,,,,,,,,,,,,,,,,,,
19037173,19-1380,Kpne_VC_37173,78,,,,,,,,,,,,,,,,,,,,,,,,,,,
50912810,Test-SFE-kit,Kpne_VC_12810,35,,,,,,,,,,,,,,,,,,,,,,,,,,,
24904351060,2340-I1,Kpne_VC_51060,25,25.0,,2023-06-27,,,x,71.0,5.0,DNeasy Blood & Tissue,FLO-MIN106,MN40875,MIN106_DNA,FAW24535,1396.0,1225.0,19h 30min.,13.0,11.0,2403.0,13.5,104592.0,492572639.0,2813.0,14.1,73569.0,381693000.0,0.7748968776968548
24904834080,2404-C6,Ecol_VC_34080,6,6.0,,2023-07-25,,,x,18.0,0.12,DNeasy Blood & Tissue,FLO-MIN106,MN40875,MIN106_DNA,FAW24535,1396.0,1225.0,19h 30min.,16.0,12.0,1153.5,11.3,115388.0,277484619.0,1545.0,13.2,35300.0,99517310.0,0.3586408153311013
24904838838,1136-ref,Eclo_VC_38838,16,16.0,,2024-05-15,,,x,96.0,5.0,DNeasy Blood & Tissue,SQK-RBK114-96,MN43898,MIN114_DNA_e8_2_400K,FAY95577,1299.0,579.0,17h 32min.,4.0,0.0,2062.0,18.9,136645.0,497729938.0,2438.0,19.5,120655.0,484739595.0,0.9739008204887205
24906236980,2428-F8,Kpne_VC_36980,41,,,,,,,,,,,,,,,,,,,,,,,,,,,
100004829557,2403-B1,Kpne_VC_29557,92,92.0,,2023-07-25,,,,158.0,4.5,DNeasy Blood & Tissue,FLO-MIN106,MN40875,MIN106_DNA,FAW24535,1396.0,1225.0,19h 30min.,13.0,1.0,1806.0,14.8,273447.0,1009394173.0,2181.0,15.3,213067.0,883236291.0,0.8750162370909585
200004839481,2411-E-7,Kpne_VC_39481,25,,,,,,,,,,,,,,,,,,,,,,,,,,,
200004857600,2420-D-4,Sent_VC_57600,24,,,,,,,,,,,,,,,,,,,,,,,,,,,
200004860264,2421--E-2,Kpne_VC_60264,91,,,,,,,,,,,,,,,,,,,,,,,,,,,
200006236840,2424-G7,Eclo_VC_36840,88,,,,,,,,,,,,,,,,,,,,,,,,,,,
602000212867,2045-F5,Efae_VC_12867,22,,,,,,,,,,,,,,,,,,,,,,,,,,,
602100090956,2430-E1,Eclo_VC_90956,17,,,,,,,,,,,,,,,,,,,,,,,,,,,
602100104145,2109-F9,Eclo_VC_04145,37,37.0,,2023-05-11,,,0.0,68.0,1.88,DNeasy Blood & Tissue,FLO-MIN106,MN40875,MIN106_DNA,FAW24535,1396.0,1225.0,19h 30min.,11.0,2.0,2886.0,14.1,90016.0,416785467.0,3326.0,14.5,71235.0,357436619.0,0.8576033650424764
602100141505,2113-B8,Kaer_VC_41505,21,21.0,,2023-07-25,,,x,128.0,5.0,DNeasy Blood & Tissue,FLO-MIN106,MN40875,MIN106_DNA,FAW24535,1396.0,1225.0,19h 30min.,14.0,1.0,2625.0,13.0,158227.0,926968284.0,3191.0,13.9,102020.0,665609343.0,0.7180497482910645
602100222315,2122-G6,Kaer_VC_22315,23,23.0,,2023-07-25,,,x,34.0,5.0,DNeasy Blood & Tissue,FLO-MIN106,MN40875,MIN106_DNA,FAW24535,1396.0,1225.0,19h 30min.,14.0,1.0,1538.0,13.1,77859.0,244938204.0,2010.0,14.0,48410.0,177283997.0,0.723790711717638
602100520291,2157-H3,Cama_VC_20291,24,24.0,,2023-07-25,,,x,63.0,4.75,DNeasy Blood & Tissue,FLO-MIN106,MN40875,MIN106_DNA,FAW24535,1396.0,1225.0,19h 30min.,14.0,1.0,2071.0,13.1,130384.0,477872465.0,2587.0,14.0,83119.0,341919802.0,0.7155042967374151
602100581423,2162-H4,Ecol_VC_81423,59,19.0,59.0,2023-06-27,2023-09-04,,x,62.0,5.0,DNeasy Blood & Tissue,FLO-MIN106,MN40875,MIN106_DNA,FAW24535,1396.0,1225.0,19h 30min.,8.0,6.0,2518.5,13.7,63162.0,374048375.0,3383.0,14.4,42678.0,293373402.0,0.7843194132309758
602100654159,2171-E8,Kpne_VC_54159,56,56.0,,2023-05-29,,,,55.0,4.25,DNeasy Blood & Tissue,FLO-MIN106,MN40875,MIN106_DNA,FAW24535,1396.0,1225.0,19h 30min.,9.0,5.0,2228.0,12.6,99841.0,475369171.0,2743.0,13.4,57536.0,306694114.0,0.6451703911611045
602200266554,2228-F9,Eclo_VC_66554,76,20.0,76.0,2023-06-27,2023-09-04,,x,37.0,2.0,DNeasy Blood & Tissue,FLO-MIN106,MN40875,MIN106_DNA,FAW24535,1396.0,1225.0,19h 30min.,9.0,4.0,620.0,13.9,127384.0,241959220.0,650.0,14.7,85626.0,192657714.0,0.7962404325819863
602200295111,2234-D5,Kpne_VC_95111,55,55.0,,2023-05-29,,,,45.0,4.79,DNeasy Blood & Tissue,FLO-MIN106,MN40875,MIN106_DNA,FAW24535,1396.0,1225.0,19h 30min.,9.0,5.0,1494.0,12.6,135327.0,391317727.0,1716.5,13.4,76192.0,243749362.0,0.6228937387239807
602200300077,2234-I1,Ecol_VC_00077,18,18.0,,2023-04-23,,,,93.0,4.1,DNeasy Blood & Tissue,SQK-RBK114-96,MN43898,MIN114_DNA_e8_2_400K,FAY95577,1299.0,579.0,17h 32min.,11.0,1.0,1785.0,14.4,149824.0,545955966.0,2193.0,14.8,117488.0,477455010.0,0.8745302546982333
602200306909,2238-C2,Ecol_VC_06909,19,19.0,,2023-04-23,,,,116.0,4.7,DNeasy Blood & Tissue,SQK-RBK114-96,MN43898,MIN114_DNA_e8_2_400K,FAY95577,1299.0,579.0,17h 32min.,11.0,1.0,2362.0,14.5,150239.0,695123638.0,2735.0,14.8,121317.0,606411355.0,0.8723791306317222
602200373433,2250-H5,Eclo_VC_73433,21,21.0,,2023-06-27,,,x,,0.0,DNeasy Blood & Tissue,FLO-MIN106,MN40875,MIN106_DNA,FAW24535,1396.0,1225.0,19h 30min.,13.0,11.0,,,,,,,,,
602200386859,2253-D8,Eclo_VC_86859,35,35.0,,2023-05-11,,,0.0,81.0,5.0,DNeasy Blood & Tissue,FLO-MIN106,MN40875,MIN106_DNA,FAW24535,1396.0,1225.0,19h 30min.,11.0,2.0,1470.0,14.1,139193.0,488003406.0,1929.0,14.5,102608.0,413789506.0,0.8479233974854675
602200393722,2255-G7,Eclo_VC_93722,39,39.0,,2023-05-18,,,0.0,57.0,3.95,DNeasy Blood & Tissue,FLO-MIN106,MN40875,MIN106_DNA,FAW24535,1396.0,1225.0,19h 30min.,12.0,8.0,2136.0,12.9,91877.0,414806664.0,2666.0,13.6,57800.0,292600011.0,0.7053888869056356
602200419924,2262-F5,Kpne_VC_19924,5,5.0,,2024-05-15,,,x,56.0,5.0,DNeasy Blood & Tissue,SQK-RBK114-96,MN43898,MIN114_DNA_e8_2_400K,FAY95577,1299.0,579.0,17h 32min.,6.0,1.0,1961.0,19.2,86662.0,328969693.0,2199.0,19.8,78209.0,319027218.0,0.9697769271408233
602200433300,2265-E7,Ecol_VC_33300,9,9.0,,2023_04_12,,,,50.0,"3,38",DNeasy Blood & Tissue,SQK-RBK114-96,MN43898,MIN114_DNA_e8_2_400K,FAY95577,1299.0,579.0,17h 32min.,10.0,2.0,1392.0,"13,1",114140.0,328668169.0,1680,"13,7",75837.0,244521231.0,"0,743976003955527"
602200448841,2269-F5,Kpne_VC_48841,67,,,,,,,,,,,,,,,,,,,,,,,,,,,
602200469628,2274-C6,Ecol_VC_69628,10,10.0,,2023_04_12,,,,135.0,"4,25",DNeasy Blood & Tissue,SQK-RBK114-96,MN43898,MIN114_DNA_e8_2_400K,FAY95577,1299.0,579.0,17h 32min.,10.0,2.0,1735.0,"13,1",301892.0,909334083.0,1960,"13,6",207237.0,670638292.0,"0,737504845070236"
602200473713,2275-G8,Ecol_VC_73713,21,21.0,,2023-04-23,,,,71.0,4.25,DNeasy Blood & Tissue,SQK-RBK114-96,MN43898,MIN114_DNA_e8_2_400K,FAY95577,1299.0,579.0,17h 32min.,11.0,1.0,2501.0,14.4,68628.0,421392881.0,3375.0,14.8,51623.0,361819549.0,0.8586275784758689
602200491456,2281-B2,Ecol_VC_91456,88,20.0,88.0,2023-04-23,2023-09-04,,x,99.0,5.0,DNeasy Blood & Tissue,FLO-MIN106,MN40875,MIN106_DNA,FAW24535,1396.0,1225.0,19h 30min.,11.0,1.0,2150.0,13.4,154487.0,639818061.0,2483.0,14.2,105746.0,475933484.0,0.7438575323368373
602300001631,2302-C4,Kpne_VC_01631,53,28.0,53.0,2023-05-11,2023-09-04,,x,51.0,2.25,DNeasy Blood & Tissue,FLO-MIN106,MN40875,MIN106_DNA,FAW24535,1396.0,1225.0,19h 30min.,11.0,3.0,996.0,13.7,146228.0,358424621.0,1484.0,14.3,93296.0,284011568.0,0.7923885563653843
602300003163,2302-A9,Kpne_VC_03163,49,27.0,49.0,2023-05-11,2023-07-25,,x,57.0,5.0,DNeasy Blood & Tissue,FLO-MIN106,MN40875,MIN106_DNA,FAW24535,1396.0,1225.0,19h 30min.,12.0,8.0,1247.0,13.6,113716.0,483032151.0,1571.0,14.3,73109.0,319821841.0,0.6621129470116783
602300007149,2303-C6,Kpne_VC_07149,45,45.0,,2023-09-04,,,x,78.0,5.0,DNeasy Blood & Tissue,FLO-MIN106,MN40875,MIN106_DNA,FAW24535,1396.0,1225.0,19h 30min.,11.0,3.0,2397.0,13.5,165243.0,603698609.0,2741.0,14.2,117486.0,465417818.0,0.7709439959965189
602300007483,2302-G9,Kpne_VC_07483,60,22.0,60.0,2023-06-27,2023-09-04,,x,35.0,3.88,DNeasy Blood & Tissue,FLO-MIN106,MN40875,MIN106_DNA,FAW24535,1396.0,1225.0,19h 30min.,8.0,6.0,2226.0,13.5,39939.0,252981991.0,3302.0,14.2,26753.0,199465853.0,0.7884587049518478
602300007503,2302-H1,Kpne_VC_07503,29,29.0,,2023-05-11,,,0.0,36.0,3.12,DNeasy Blood & Tissue,FLO-MIN106,MN40875,MIN106_DNA,FAW24535,1396.0,1225.0,19h 30min.,11.0,2.0,1309.0,14.1,85190.0,245455226.0,1733.0,14.5,61532.0,208527318.0,0.8495533845345791
602300017711,2302-B2,Kpne_VC_17711,4,4.0,,2023_04_12,,,,30.0,"3,12",DNeasy Blood & Tissue,SQK-RBK114-96,MN43898,MIN114_DNA_e8_2_400K,FAY95577,1299.0,579.0,17h 32min.,10.0,2.0,1525.0,13,60713.0,230033143.0,1980,"13,5",38750.0,166494097.0,"0,72378308111888"
602300019618,2306-C8,Eclo_VC_19618,77,23.0,77.0,2023-06-27,2023-09-04,,x,41.0,5.0,DNeasy Blood & Tissue,FLO-MIN106,MN40875,MIN106_DNA,FAW24535,1396.0,1225.0,19h 30min.,9.0,4.0,594.0,14.1,180950.0,261493200.0,601.0,14.9,123195.0,207290791.0,0.7927196233018678
602300019688,2306-A7,Eclo_VC_19688,60,60.0,,2023-05-29,,,,86.0,4.5,DNeasy Blood & Tissue,FLO-MIN106,MN40875,MIN106_DNA,FAW24535,1396.0,1225.0,19h 30min.,9.0,5.0,3772.0,12.8,88872.0,645824585.0,4321.0,13.5,55143.0,431502922.0,0.6681426071756001
602300027429,2308-G2,Kpne_VC_27429,5,5.0,,2023_04_12,,,,28.0,"4,4",DNeasy Blood & Tissue,SQK-RBK114-96,MN43898,MIN114_DNA_e8_2_400K,FAY95577,1299.0,579.0,17h 32min.,10.0,2.0,1260.0,"12,9",82110.0,231724647.0,1559,"13,5",51638.0,164810350.0,"0,711233578877779"
602300031070,2309-B1,Ecol_VC_31070,17,17.0,,2023-04-23,,,,99.0,5.0,DNeasy Blood & Tissue,SQK-RBK114-96,MN43898,MIN114_DNA_e8_2_400K,FAY95577,1299.0,579.0,17h 32min.,11.0,1.0,3270.0,14.4,84254.0,576695988.0,3914.0,14.8,66909.0,508654591.0,0.8820151372372648
602300037568,2323-D1,Ecol_VC_37568,15,15.0,,2023-04-23,,,,79.0,4.5,DNeasy Blood & Tissue,SQK-RBK114-96,MN43898,MIN114_DNA_e8_2_400K,FAY95577,1299.0,579.0,17h 32min.,11.0,1.0,2279.0,14.6,86659.0,454862341.0,2734.0,15.0,68692.0,402120902.0,0.8840496689964492
602300042336,2313-A5,Ecol_VC_42336,16,16.0,,2023-04-23,,,,110.0,3.83,DNeasy Blood & Tissue,SQK-RBK114-96,MN43898,MIN114_DNA_e8_2_400K,FAY95577,1299.0,579.0,17h 32min.,11.0,1.0,2075.0,14.5,168016.0,678925834.0,2410.0,14.8,135444.0,592443234.0,0.8726184869259225
602300048905,2315-D3,Smar_VC_48905,2,2.0,,2023_04_12,,,,79.0,5,DNeasy Blood & Tissue,SQK-RBK114-96,MN43898,MIN114_DNA_e8_2_400K,FAY95577,1299.0,579.0,17h 32min.,10.0,2.0,1305.0,"13,1",183987.0,581717364.0,1764,"13,7",117396.0,433005415.0,"0,74435703968431"
602300049747,2314-I7,Eclo_VC_49747,33,33.0,,2023-05-11,,,0.0,77.0,4.5,DNeasy Blood & Tissue,FLO-MIN106,MN40875,MIN106_DNA,FAW24535,1396.0,1225.0,19h 30min.,11.0,2.0,1688.0,14.0,135214.0,452180583.0,2150.0,14.5,100720.0,384034592.0,0.8492947429368058
602300050874,2316-A2,Ecol_VC_50874,14,14.0,,2023-04-23,,,,51.0,4.21,DNeasy Blood & Tissue,SQK-RBK114-96,MN43898,MIN114_DNA_e8_2_400K,FAY95577,1299.0,579.0,17h 32min.,11.0,1.0,1193.0,14.3,84769.0,310132884.0,1771.0,14.7,60150.0,267473631.0,0.862448469024652
602300052913,2316-C1,Ecol_VC_52913,13,13.0,,2023-04-23,,,,170.0,4.25,DNeasy Blood & Tissue,SQK-RBK114-96,MN43898,MIN114_DNA_e8_2_400K,FAY95577,1299.0,579.0,17h 32min.,11.0,1.0,2039.0,14.5,228159.0,1002391922.0,2384.0,14.9,182236.0,878190618.0,0.8760950669353059
602300061431,2318-H8,Kpne_VC_61431,87,74.0,87.0,2023-06-13,2023-06-18,,x,48.0,5.0,DNeasy Blood & Tissue,FLO-MIN106,MN40875,MIN106_DNA,FAW24535,1396.0,1225.0,19h 30min.,3.0,2.0,504.0,13.2,473404.0,406999738.0,504.0,13.9,314767.0,272981322.0,0.6707162106330398
602300062289,2319-G5,Kpne_VC_62289,30,30.0,,2023-05-11,,,0.0,70.0,5.0,DNeasy Blood & Tissue,FLO-MIN106,MN40875,MIN106_DNA,FAW24535,1396.0,1225.0,19h 30min.,11.0,2.0,1793.0,14.0,109736.0,482028216.0,2329.0,14.4,80901.0,407003452.0,0.8443560739606164
602300065479,2319-G9,Eclo_VC_65479,6,6.0,,2023_04_12,,,,50.0,"3,71",DNeasy Blood & Tissue,SQK-RBK114-96,MN43898,MIN114_DNA_e8_2_400K,FAY95577,1299.0,579.0,17h 32min.,10.0,2.0,1284.0,"12,9",124012.0,378071727.0,1583,"13,5",78859.0,269034459.0,"0,711596344785655"
602300067380,2320-I2,Ecol_VC_67380,12,12.0,,2023-04-23,,,,121.0,4.0,DNeasy Blood & Tissue,SQK-RBK114-96,MN43898,MIN114_DNA_e8_2_400K,FAY95577,1299.0,579.0,17h 32min.,11.0,1.0,1676.0,14.5,214053.0,714481242.0,1962.0,14.8,169868.0,625675881.0,0.8757065185484604
602300067676,2321-E9,Eclo_VC_67676,8,8.0,,2023_04_12,,,,37.0,"4,81",DNeasy Blood & Tissue,SQK-RBK114-96,MN43898,MIN114_DNA_e8_2_400K,FAY95577,1299.0,579.0,17h 32min.,10.0,2.0,1332.0,13,96084.0,283126034.0,1734,"13,6",60873.0,207618855.0,"0,733308951023557"
602300068066,2322-H9,Cfre_VC_68066,65,65.0,65.0,2023-07-25,2023-08-13,,x,50.0,5.0,DNeasy Blood & Tissue,FLO-MIN106,MN40875,MIN106_DNA,FAW24535,1396.0,1225.0,19h 30min.,17.0,4.0,1153.0,13.5,120700.0,344906392.0,1738.0,14.5,76115.0,264184507.0,0.7659600202480445
602300069324,2321-H9,Eclo_VC_69324,7,7.0,,2023_04_12,,,,57.0,5,DNeasy Blood & Tissue,SQK-RBK114-96,MN43898,MIN114_DNA_e8_2_400K,FAY95577,1299.0,579.0,17h 32min.,10.0,2.0,1976.0,"12,9",116231.0,372670231.0,2214,"13,5",73666.0,271176581.0,"0,727658284570629"
602300071109,2322-D8,Ecol_VC_71109,3,3.0,,2023_04_12,,,,96.0,"4,25",DNeasy Blood & Tissue,SQK-RBK114-96,MN43898,MIN114_DNA_e8_2_400K,FAY95577,1299.0,579.0,17h 32min.,10.0,2.0,2055.0,"13,1",178646.0,674229953.0,2409,"13,7",121690.0,504235851.0,"0,747869252554551"
602300073803,2322-I1,Kpne_VC_73803,31,31.0,,2023-05-11,,,0.0,64.0,5.0,DNeasy Blood & Tissue,FLO-MIN106,MN40875,MIN106_DNA,FAW24535,1396.0,1225.0,19h 30min.,11.0,2.0,1345.0,14.0,140015.0,432666726.0,1779.0,14.4,99752.0,359342052.0,0.8305285116840716
602300077174,2323-I9,Eclo_VC_77174,34,34.0,,2023-05-11,,,0.0,80.0,5.0,DNeasy Blood & Tissue,FLO-MIN106,MN40875,MIN106_DNA,FAW24535,1396.0,1225.0,19h 30min.,11.0,2.0,1896.0,14.1,143281.0,492564710.0,2289.0,14.5,106998.0,411243846.0,0.8349031866290219
602300082457,x,Eclo_VC_82457,51,51.0,,2023-05-18,,,0.0,84.0,3.5,DNeasy Blood & Tissue,FLO-MIN106,MN40875,MIN106_DNA,FAW24535,1396.0,1225.0,19h 30min.,12.0,8.0,2372.0,12.9,124023.0,580947180.0,2871.0,13.6,77777.0,406282653.0,0.6993452537285748
602300085161,2327-A5,Kpne_VC_85161,32,32.0,,2023-05-11,,,0.0,50.0,5.0,DNeasy Blood & Tissue,FLO-MIN106,MN40875,MIN106_DNA,FAW24535,1396.0,1225.0,19h 30min.,11.0,2.0,1467.0,14.1,108763.0,350793161.0,1833.0,14.5,80813.0,296599629.0,0.8455114351559436
602300086402,2327-B1,Eclo_VC_86402,41,41.0,,2023-05-18,,,0.0,67.0,4.5,DNeasy Blood & Tissue,FLO-MIN106,MN40875,MIN106_DNA,FAW24535,1396.0,1225.0,19h 30min.,12.0,8.0,1434.0,12.9,105544.0,480430814.0,2333.0,13.6,60588.0,338838080.0,0.705279657603311
602300087394,2327-H8,Ecol_VC_87394,11,11.0,,2023-04-23,,,,211.0,4.25,DNeasy Blood & Tissue,SQK-RBK114-96,MN43898,MIN114_DNA_e8_2_400K,FAY95577,1299.0,579.0,17h 32min.,11.0,1.0,2446.0,14.5,254583.0,1253445810.0,2868.0,14.9,202396.0,1092643488.0,0.8717117878434649
602300091061,2329-B9,Kpne_VC_91061,55,42.0,55.0,2023-05-18,2023-09-04,,x,24.0,5.0,DNeasy Blood & Tissue,FLO-MIN106,MN40875,MIN106_DNA,FAW24535,1396.0,1225.0,19h 30min.,11.0,3.0,1774.0,13.2,43327.0,175174052.0,2440.0,13.9,27953.0,133250140.0,0.7606728192826184
602300092061,2330-G7,Kpne_VC_92061,87,43.0,69.0,2023-05-18,2023-09-04,2023-09-04,x,31.0,3.12,DNeasy Blood & Tissue,FLO-MIN106,MN40875,MIN106_DNA,FAW24535,1396.0,1225.0,19h 30min.,11.0,1.0,793.0,13.2,101836.0,245491797.0,1142.0,14.1,62327.0,174920159.0,0.7125295473722081
602300100565,2332-F6,Kpne_VC_00565,71,45.0,71.0,2023-05-18,2023-09-04,,x,102.0,5.0,DNeasy Blood & Tissue,FLO-MIN106,MN40875,MIN106_DNA,FAW24535,1396.0,1225.0,19h 30min.,9.0,4.0,616.0,14.0,369795.0,717956443.0,607.0,14.8,263655.0,571086075.0,0.7954327599787275
602300100904,2332-H3,Kpne_VC_00904,47,47.0,,2023-05-18,,,0.0,29.0,4.05,DNeasy Blood & Tissue,FLO-MIN106,MN40875,MIN106_DNA,FAW24535,1396.0,1225.0,19h 30min.,12.0,8.0,2035.0,12.8,85529.0,240188478.0,2265.0,13.4,50642.0,163320065.0,0.6799662763173844
602300101263,2332-H9,Kpne_VC_01263,72,46.0,72.0,2023-05-18,2023-09-04,,x,25.0,5.0,DNeasy Blood & Tissue,FLO-MIN106,MN40875,MIN106_DNA,FAW24535,1396.0,1225.0,19h 30min.,9.0,4.0,643.0,13.3,95031.0,197893214.0,741.0,14.1,57663.0,141510660.0,0.7150859655046079
602300102086,2333-I1,Kpne_VC_02086,73,48.0,73.0,2023-05-18,2023-09-04,,x,51.0,4.05,DNeasy Blood & Tissue,FLO-MIN106,MN40875,MIN106_DNA,FAW24535,1396.0,1225.0,19h 30min.,9.0,4.0,612.0,13.9,200964.0,384789227.0,607.0,14.7,139477.0,296697784.0,0.7710657242490835
602300103218,2332-F4,Kpne_VC_03218,70,44.0,70.0,2023-05-18,2023-09-04,,x,36.0,3.39,DNeasy Blood & Tissue,FLO-MIN106,MN40875,MIN106_DNA,FAW24535,1396.0,1225.0,19h 30min.,9.0,4.0,647.0,13.5,127454.0,286136216.0,707.0,14.3,81462.0,213202356.0,0.745107903432958
602300105531,2334-C7,Kpne_VC_05531,38,38.0,,2023-05-11,,,0.0,83.0,5.0,DNeasy Blood & Tissue,FLO-MIN106,MN40875,MIN106_DNA,FAW24535,1396.0,1225.0,19h 30min.,11.0,2.0,1827.0,14.1,169496.0,586319681.0,2144.0,14.5,130571.0,499007121.0,0.85108369575607
602300106355,2335-C7,Ecol_VC_06355,40,40.0,,2023-05-18,,,0.0,38.0,4.5,DNeasy Blood & Tissue,FLO-MIN106,MN40875,MIN106_DNA,FAW24535,1396.0,1225.0,19h 30min.,12.0,8.0,1786.0,13.0,71322.0,278063095.0,2143.5,13.7,45210.0,197623578.0,0.7107148757011426
602300107983,2335-E8,Kpne_VC_07983,74,49.0,74.0,2023-05-18,2023-09-04,,x,24.0,5.0,DNeasy Blood & Tissue,FLO-MIN106,MN40875,MIN106_DNA,FAW24535,1396.0,1225.0,19h 30min.,9.0,4.0,628.0,13.6,102622.0,184017130.0,652.0,14.4,66246.0,134773282.0,0.7323953047197291
602300114109,2337-G9,Sent_VC_14109,86,57.0,86.0,2023-05-29,2023-09-04,,x,99.0,5.0,DNeasy Blood & Tissue,FLO-MIN106,MN40875,MIN106_DNA,FAW24535,1396.0,1225.0,19h 30min.,11.0,1.0,1963.5,13.0,162056.0,662246452.0,2518.0,13.8,100960.0,467267948.0,0.7055801455618822
602300114192,2337-G9,Hinf_VC_14192,50,,,,,,,,,,,,,,,,,,,,,,,,,,,
602300115030,2338-A5,Kpne_VC_15030,52,52.0,,2023-05-29,,,,32.0,3.5,DNeasy Blood & Tissue,FLO-MIN106,MN40875,MIN106_DNA,FAW24535,1396.0,1225.0,19h 30min.,9.0,5.0,1872.0,12.7,72055.0,284065650.0,2139.0,13.5,42227.0,179829682.0,0.633056766983266
602300115236,x,Ecol_VC_15236,58,58.0,,2023-05-29,,,,25.0,4.85,DNeasy Blood & Tissue,FLO-MIN106,MN40875,MIN106_DNA,FAW24535,1396.0,1225.0,19h 30min.,9.0,5.0,2182.0,12.8,63406.0,201872842.0,2730.0,13.5,33255.0,133256353.0,0.6601004458043941
602300115967,2338-G6,Kpne_VC_15967,85,53.0,85.0,2023-05-29,2023-09-04,,x,113.0,5.0,DNeasy Blood & Tissue,FLO-MIN106,MN40875,MIN106_DNA,FAW24535,1396.0,1225.0,19h 30min.,11.0,1.0,2950.0,12.8,165192.0,930160616.0,3540.0,13.7,103066.0,637445168.0,0.6853065557013435
602300116975,2338-E4,Kpne_VC_16975,58,54.0,58.0,2023-05-29,2023-09-04,,x,22.0,5.0,DNeasy Blood & Tissue,FLO-MIN106,MN40875,MIN106_DNA,FAW24535,1396.0,1225.0,19h 30min.,8.0,6.0,2823.0,13.1,24429.0,161978153.0,4027.0,13.9,15461.0,120917209.0,0.7465031966378824
602300121566,2339-I4,Kpne_VC_21566,24,24.0,,2023-06-27,,,x,27.0,5.0,DNeasy Blood & Tissue,FLO-MIN106,MN40875,MIN106_DNA,FAW24535,1396.0,1225.0,19h 30min.,13.0,11.0,1635.0,13.5,60488.0,194214012.0,2101.0,14.1,40511.0,151051628.0,0.7777586511111259
602300128651,2341-B8,Kpne_VC_28651,44,44.0,,2023-07-25,,,x,27.0,5.0,DNeasy Blood & Tissue,FLO-MIN106,MN40875,MIN106_DNA,FAW24535,1396.0,1225.0,19h 30min.,12.0,9.0,1105.0,13.4,81473.0,197861448.0,1438.0,14.0,53290.0,152577591.0,0.771133500448253
602300129222,2342-D6,Eclo_VC_29222,63,8.0,63.0,2023-06-22,2023-07-25,2023-08-13,x,100.0,5.0,DNeasy Blood & Tissue,FLO-MIN106,MN40875,MIN106_DNA,FAW24535,1396.0,1225.0,19h 30min.,17.0,4.0,1353.0,13.4,202259.0,680147063.0,2015.0,14.4,128632.0,519465167.0,0.7637541867912175
602300131466,2341-I8,Kpne_VC_31466,46,26.0,46.0,2023-06-27,2023-07-25,,x,70.0,4.25,DNeasy Blood & Tissue,FLO-MIN106,MN40875,MIN106_DNA,FAW24535,1396.0,1225.0,19h 30min.,12.0,8.0,2946.0,12.8,91296.0,645421004.0,3252.0,13.8,54641.0,391124886.0,0.6059996243940026
602300133960,2342-G4,Cfre_VC_33960,64,27.0,64.0,2023-06-27,2023-07-25,2023-08-13,x,36.0,4.17,DNeasy Blood & Tissue,FLO-MIN106,MN40875,MIN106_DNA,FAW24535,1396.0,1225.0,19h 30min.,17.0,4.0,675.0,13.2,120767.0,271117445.0,1452.0,14.4,63672.0,202604073.0,0.74729264655028
602300134596,2343-C9,Koxy_VC_34596,4,4.0,,2023-06-22,,,,27.0,4.5,DNeasy Blood & Tissue,FLO-MIN106,MN40875,MIN106_DNA,FAW24535,1396.0,1225.0,19h 30min.,8.0,2.0,1233.0,13.0,80217.0,250590124.0,1585.0,13.8,48694.0,175665169.0,0.701005954249019
602300134902,2342-I2,Kpne_VC_34902,2,28.0,61.0,2023-06-27,2023-09-04,2023-09-04,x,177.0,2.85,DNeasy Blood & Tissue,FLO-MIN106,MN40875,MIN106_DNA,FAW24535,1396.0,1225.0,19h 30min.,12.0,3.0,2136.0,14.5,283114.0,1142158684.0,2742.0,15.0,213010.0,980836210.0,0.8587565140817158
602300138802,2344-D7,Eclo_VC_38802,3,3.0,,2023-06-22,,,,48.0,4.62,DNeasy Blood & Tissue,FLO-MIN106,MN40875,MIN106_DNA,FAW24535,1396.0,1225.0,19h 30min.,8.0,2.0,1153.0,13.1,114928.0,341226203.0,1650.0,13.8,66300.0,242610881.0,0.7109972178777841
602300139377,2345-I7,Eclo_VC_39377,91,91.0,,2023-06-18,,,x,,0.0,DNeasy Blood & Tissue,FLO-MIN106,MN40875,MIN106_DNA,FAW24535,1396.0,1225.0,19h 30min.,3.0,2.0,,,,,,,,,
602300139423,2344-E5,Kpne_VC_39423,58,38.0,58.0,2023-07-12,2023-07-25,,x,62.0,3.88,DNeasy Blood & Tissue,FLO-MIN106,MN40875,MIN106_DNA,FAW24535,1396.0,1225.0,19h 30min.,13.0,2.0,2125.0,13.4,90616.0,449837861.0,2893.0,14.4,59483.0,348556474.0,0.7748491272503183
602300142031,2348-I5,Kpne_VC_42031,78,31.0,78.0,2023-06-27,2023-09-04,,x,27.0,2.04,DNeasy Blood & Tissue,FLO-MIN106,MN40875,MIN106_DNA,FAW24535,1396.0,1225.0,19h 30min.,9.0,4.0,603.0,14.1,159324.0,276696973.0,610.0,14.9,109371.0,222719679.0,0.8049227159416739
602300142636,2344-I7,Ecol_VC_42636,6,6.0,,2023-06-22,,,,48.0,5.0,DNeasy Blood & Tissue,FLO-MIN106,MN40875,MIN106_DNA,FAW24535,1396.0,1225.0,19h 30min.,8.0,2.0,1584.0,13.2,86554.0,317725807.0,1848.0,13.9,56396.0,230879299.0,0.7266620901209955
602300142636,2345-H6,Rorn_VC_42636,66,66.0,66.0,2023-07-25,2023-08-13,,x,47.0,4.36,DNeasy Blood & Tissue,FLO-MIN106,MN40875,MIN106_DNA,FAW24535,1396.0,1225.0,19h 30min.,17.0,4.0,1235.5,13.5,111214.0,357565097.0,1849.0,14.4,71619.0,279392729.0,0.7813758427322116
602300143019,2344-I3,Kpne_VC_43019,5,5.0,,2023-06-22,,,,86.0,5.0,DNeasy Blood & Tissue,FLO-MIN106,MN40875,MIN106_DNA,FAW24535,1396.0,1225.0,19h 30min.,8.0,2.0,2721.0,13.1,131502.0,682670789.0,3078.0,13.7,86836.0,484359732.0,0.7095070417609446
602300143607,2345-E2,Kpne_VC_43607,84,90.0,37.0,2023-06-18,2023-07-12,2023-09-04,x,100.0,4.5,DNeasy Blood & Tissue,FLO-MIN106,MN40875,MIN106_DNA,FAW24535,1396.0,1225.0,19h 30min.,11.0,1.0,2694.0,12.7,157461.0,848051224.0,3522.0,13.6,93369.0,574897513.0,0.6779042311717718
602300144322,2346-B7,Kpne_VC_44322,83,36.0,83.0,2023-07-12,2023-09-04,,x,67.0,5.0,DNeasy Blood & Tissue,FLO-MIN106,MN40875,MIN106_DNA,FAW24535,1396.0,1225.0,19h 30min.,11.0,1.0,2603.0,12.9,100875.0,555827029.0,3251.0,13.7,63045.0,385552641.0,0.6936557973685731
602300144594,2346-F7,Kpne_VC_44594,1,7.0,1.0,2023-06-22,2023-09-04,,x,46.0,3.88,DNeasy Blood & Tissue,FLO-MIN106,MN40875,MIN106_DNA,FAW24535,1396.0,1225.0,19h 30min.,12.0,3.0,1524.0,13.4,79888.0,331258093.0,2382.0,14.1,48438.0,260538098.0,0.7865108913731506
602300145293,2346-D2,Ecoi_VC_45293,2,2.0,,2023-06-22,,,,,0.0,DNeasy Blood & Tissue,FLO-MIN106,MN40875,MIN106_DNA,FAW24535,1396.0,1225.0,19h 30min.,8.0,2.0,,,,,,,,,
602300145400,2346-D5,Ecol_VC_45400,1,1.0,,2023-06-22,,,,54.0,4.0,DNeasy Blood & Tissue,FLO-MIN106,MN40875,MIN106_DNA,FAW24535,1396.0,1225.0,19h 30min.,8.0,2.0,1793.0,13.1,103699.0,394154057.0,2049.0,13.8,67269.0,279226185.0,0.7084189038297785
602300145400,2346-F5,Ckos_VC_45400,61,61.0,61.0,2023-07-25,2023-08-13,,x,53.0,4.5,DNeasy Blood & Tissue,FLO-MIN106,MN40875,MIN106_DNA,FAW24535,1396.0,1225.0,19h 30min.,17.0,4.0,1287.0,13.4,82429.0,324841989.0,2554.0,14.5,49119.0,252672339.0,0.7778315228823451
602300146040,2347-E6,Kpne_VC_46040,57,29.0,62.0,2023-06-27,2023-09-04,2023-07-25,x,80.0,4.1,DNeasy Blood & Tissue,FLO-MIN106,MN40875,MIN106_DNA,FAW24535,1396.0,1225.0,19h 30min.,13.0,2.0,1536.0,14.1,146430.0,558764898.0,2080.0,14.8,103487.0,464092597.0,0.8305686321047319
602300151244,2348-A2,Kpne_VC_51244,5,45.0,5.0,2023-07-25,2023-09-04,,x,246.0,4.25,DNeasy Blood & Tissue,FLO-MIN106,MN40875,MIN106_DNA,FAW24535,1396.0,1225.0,19h 30min.,12.0,3.0,2064.0,14.4,392219.0,1596500211.0,2746.5,14.9,291506.0,1383288306.0,0.8664504373184828
602300152130,2350-D1,Eclo_VC_52130,47,49.0,47.0,2023-07-25,2023-07-25,,x,34.0,4.32,DNeasy Blood & Tissue,FLO-MIN106,MN40875,MIN106_DNA,FAW24535,1396.0,1225.0,19h 30min.,12.0,8.0,1137.0,12.8,95853.0,283434920.0,1434.0,13.7,54027.0,176422075.0,0.6224429756220582
602300153851,2349-H9,Ckos_VC_53851,62,62.0,62.0,2023-07-25,2023-08-13,,x,42.0,3.25,DNeasy Blood & Tissue,FLO-MIN106,MN40875,MIN106_DNA,FAW24535,1396.0,1225.0,19h 30min.,17.0,4.0,1162.0,13.7,88295.0,258219585.0,1722.0,14.6,56946.0,201388990.0,0.7799136924490061
602300154495,2349-F1,Kpne_VC_54495,3,39.0,3.0,2023-07-12,2023-09-04,,x,101.0,4.25,DNeasy Blood & Tissue,FLO-MIN106,MN40875,MIN106_DNA,FAW24535,1396.0,1225.0,19h 30min.,12.0,3.0,2274.0,14.1,156569.0,688672344.0,3147.0,14.9,108984.0,565736400.0,0.8214884842246547
602300154509,2351-A5,Ecol_VC_54509,42,42.0,,2023-07-12,,,x,25.0,3.11,DNeasy Blood & Tissue,FLO-MIN106,MN40875,MIN106_DNA,FAW24535,1396.0,1225.0,19h 30min.,8.0,8.0,1423.0,12.4,69154.0,226458674.0,1623.0,13.2,37221.0,130056625.0,0.5743062197741209
602300154725,2348-H7,Ecol_VC_54725,5,41.0,43.0,2023-07-12,2023-07-25,2023-07-25,x,29.0,5.0,DNeasy Blood & Tissue,FLO-MIN106,MN40875,MIN106_DNA,FAW24535,1396.0,1225.0,19h 30min.,16.0,12.0,1411.0,11.2,159898.0,438905877.0,1545.0,13.2,47215.0,150552795.0,0.34301840756623087
602300155249,2351-A4,Kpne_VC_55249,75,40.0,42.0,2023-07-12,2023-07-25,2023-07-25,x,118.0,3.88,DNeasy Blood & Tissue,FLO-MIN106,MN40875,MIN106_DNA,FAW24535,1396.0,1225.0,19h 30min.,12.0,1.0,2794.0,14.0,140204.0,834500841.0,3582.0,14.8,99695.0,682706255.0,0.8181013384982316
602300155607,2351-E3,Kpne_VC_55607,41,19.0,6.0,2023-09-04,2023-09-04,2023-07-25,x,20.0,4.25,DNeasy Blood & Tissue,FLO-MIN106,MN40875,MIN106_DNA,FAW24535,1396.0,1225.0,19h 30min.,12.0,8.0,1448.0,11.4,56838.0,233915884.0,2657.0,13.4,19661.0,111704592.0,0.4775417132425261
602300155853,2350-I9,Kpne_VC_55853,47,47.0,,2023-07-25,,,x,32.0,3.25,DNeasy Blood & Tissue,FLO-MIN106,MN40875,MIN106_DNA,FAW24535,1396.0,1225.0,19h 30min.,12.0,9.0,1159.0,13.4,82170.0,225871742.0,1634.0,14.0,52718.0,174945476.0,0.7745345852072102
602300156115,2351-B2,Kpne_VC_56115,48,48.0,,2023-07-25,,,x,31.0,5.0,DNeasy Blood & Tissue,FLO-MIN106,MN40875,MIN106_DNA,FAW24535,1396.0,1225.0,19h 30min.,12.0,9.0,1868.5,13.4,52288.0,218452914.0,2529.0,14.0,34629.0,168437999.0,0.7710494491275132
602300156267,2350-H2,Kpne_VC_56267,4,43.0,4.0,2023-07-12,2023-09-04,,x,131.0,2.5,DNeasy Blood & Tissue,FLO-MIN106,MN40875,MIN106_DNA,FAW24535,1396.0,1225.0,19h 30min.,12.0,3.0,2003.0,14.0,212182.0,908148795.0,2796.0,14.8,146413.0,737389432.0,0.8119698402506828
602300156309,2352-C4,Ecol_VC_56309,72,58.0,58.0,2023-07-25,2023-08-13,2023-07-25,x,75.0,5.0,DNeasy Blood & Tissue,FLO-MIN106,MN40875,MIN106_DNA,FAW24535,1396.0,1225.0,19h 30min.,12.0,1.0,1524.0,14.1,181349.0,492544788.0,1520.0,14.8,129284.0,401789826.0,0.815742721857814
602300157320,2351-C9,Kpne_VC_57320,52,46.0,52.0,2023-07-25,2023-07-25,,x,27.0,0.28,DNeasy Blood & Tissue,FLO-MIN106,MN40875,MIN106_DNA,FAW24535,1396.0,1225.0,19h 30min.,12.0,8.0,1276.0,12.9,121045.0,450370871.0,1794.0,13.8,67181.0,283958573.0,0.6304994201101429
602300159020,2351-G3,Kpne_VC_59020,68,50.0,68.0,2023-07-25,2023-07-25,,x,31.0,5.0,DNeasy Blood & Tissue,FLO-MIN106,MN40875,MIN106_DNA,FAW24535,1396.0,1225.0,19h 30min.,12.0,1.0,572.0,13.7,131579.0,219154315.0,994.0,14.5,74484.0,180325825.0,0.8228258019925366
602300160974,2352-D5,Kpne_VC_60974,45,51.0,45.0,2023-07-25,2023-07-25,,x,24.0,3.25,DNeasy Blood & Tissue,FLO-MIN106,MN40875,MIN106_DNA,FAW24535,1396.0,1225.0,19h 30min.,12.0,8.0,895.0,13.1,79750.0,202864265.0,1278.0,13.9,44395.0,133455980.0,0.6578584946934839
602300163598,2354-B7,Ecol_VC_63598,60,60.0,60.0,2023-07-25,2023-08-13,,x,81.0,4.57,DNeasy Blood & Tissue,FLO-MIN106,MN40875,MIN106_DNA,FAW24535,1396.0,1225.0,19h 30min.,17.0,4.0,1376.0,13.5,217008.0,567078275.0,1505.0,14.4,142668.0,433191360.0,0.7639004685905134
602300163598,2353-D6,Kpne_VC_63598,66,55.0,66.0,2023-07-25,2023-07-25,,x,34.0,3.75,DNeasy Blood & Tissue,FLO-MIN106,MN40875,MIN106_DNA,FAW24535,1396.0,1225.0,19h 30min.,12.0,1.0,610.0,13.7,122796.0,236121162.0,1288.0,14.5,67582.0,194310015.0,0.8229250328693537
602300163791,2353-A6,Kpne_VC_63791,52,52.0,,2023-07-25,,,x,27.0,5.0,DNeasy Blood & Tissue,FLO-MIN106,MN40875,MIN106_DNA,FAW24535,1396.0,1225.0,19h 30min.,12.0,9.0,1038.0,13.3,72034.0,193362195.0,1380.0,13.9,45589.0,146651809.0,0.7584306177326959
602300163863,2352-D4,Ecol_VC_63863,59,59.0,59.0,2023-07-25,2023-08-13,,x,49.0,4.1,DNeasy Blood & Tissue,FLO-MIN106,MN40875,MIN106_DNA,FAW24535,1396.0,1225.0,19h 30min.,17.0,4.0,1015.0,13.5,126184.0,341184506.0,1525.0,14.5,79328.0,259025853.0,0.759195826436503
602300163992,2353-A4,Kpne_VC_63992,56,56.0,56.0,2023-07-25,2023-08-13,,x,56.0,2.75,DNeasy Blood & Tissue,FLO-MIN106,MN40875,MIN106_DNA,FAW24535,1396.0,1225.0,19h 30min.,17.0,4.0,1130.0,13.4,132810.0,412364678.0,1793.0,14.4,82695.0,313551611.0,0.7603745609850706
602300164453,2353-G3,Kpne_VC_64453,60,57.0,57.0,2023-07-25,2023-08-13,2023-07-25,x,83.0,5.0,DNeasy Blood & Tissue,FLO-MIN106,MN40875,MIN106_DNA,FAW24535,1396.0,1225.0,19h 30min.,13.0,2.0,654.0,13.6,209247.0,573233322.0,1258.0,14.6,119943.0,464085032.0,0.8095918610956117
602300164616,2353-B4,Kpne_VC_64616,53,53.0,,2023-07-25,,,x,49.0,5.0,DNeasy Blood & Tissue,FLO-MIN106,MN40875,MIN106_DNA,FAW24535,1396.0,1225.0,19h 30min.,12.0,9.0,1279.0,13.4,113881.0,351096306.0,1729.0,14.0,74373.0,271437522.0,0.7731141494835323
602300164883,2353-C2,Kpne_VC_64883,59,54.0,59.0,2023-07-25,2023-07-25,,x,86.0,4.25,DNeasy Blood & Tissue,FLO-MIN106,MN40875,MIN106_DNA,FAW24535,1396.0,1225.0,19h 30min.,13.0,2.0,1822.0,13.9,116346.0,575535237.0,2628.0,14.6,80550.0,482203433.0,0.8378347701411026
602300165495,2354-F1,Koxy_VC_65495,67,67.0,67.0,2023-07-25,2023-08-13,,x,18.0,0.07,DNeasy Blood & Tissue,FLO-MIN106,MN40875,MIN106_DNA,FAW24535,1396.0,1225.0,19h 30min.,17.0,4.0,1185.0,13.4,81869.0,226557951.0,1820.0,14.4,50220.0,172592183.0,0.7618014827473435
602300165646,2354-A3,Eclo_VC_65646,71,71.0,71.0,2023-07-25,2023-08-13,,x,64.0,5.0,DNeasy Blood & Tissue,FLO-MIN106,MN40875,MIN106_DNA,FAW24535,1396.0,1225.0,19h 30min.,17.0,4.0,1195.0,13.5,135711.0,435683841.0,1822.0,14.5,84848.0,332492178.0,0.7631501256435168
602300166704,2354-B4,Kpne_VC_66704,69,69.0,69.0,2023-07-25,2023-08-13,,x,69.0,5.0,DNeasy Blood & Tissue,FLO-MIN106,MN40875,MIN106_DNA,FAW24535,1396.0,1225.0,19h 30min.,17.0,4.0,1338.0,13.5,138499.0,503657927.0,2028.0,14.4,87771.0,387566365.0,0.7695031572490271
602300167254,2354-C1,Kpne_VC_67254,70,70.0,70.0,2023-07-25,2023-08-13,,x,58.0,4.06,DNeasy Blood & Tissue,FLO-MIN106,MN40875,MIN106_DNA,FAW24535,1396.0,1225.0,19h 30min.,17.0,4.0,1182.0,13.3,139478.0,432826368.0,1839.0,14.4,86698.0,328022776.0,0.7578622751560274
602300168372,2354-F1,Kpne_VC_68372,40,40.0,,2023-07-25,,,x,,0.0,DNeasy Blood & Tissue,FLO-MIN106,MN40875,MIN106_DNA,FAW24535,1396.0,1225.0,19h 30min.,12.0,8.0,,,,,,,,,
602300170306,2355-B5,Kpne_VC_70306,72,72.0,72.0,2023-07-25,2023-08-13,,x,41.0,4.62,DNeasy Blood & Tissue,FLO-MIN106,MN40875,MIN106_DNA,FAW24535,1396.0,1225.0,19h 30min.,17.0,4.0,1221.0,13.4,77054.0,307925998.0,1818.5,14.4,48584.0,232768098.0,0.7559222005022129
602300170497,2355-A3,Kpne_VC_70497,84,20.0,7.0,2023-09-04,2023-09-04,2023-07-25,x,30.0,4.1,DNeasy Blood & Tissue,FLO-MIN106,MN40875,MIN106_DNA,FAW24535,1396.0,1225.0,19h 30min.,12.0,8.0,1567.0,12.3,73928.0,309204926.0,2387.0,13.9,33730.0,168753745.0,0.5457666770806879
602300171533,2357-A9,Ecol_VC_71533,51,21.0,26.0,2023-09-04,2023-07-25,2023-07-25,x,48.0,5.0,DNeasy Blood & Tissue,FLO-MIN106,MN40875,MIN106_DNA,FAW24535,1396.0,1225.0,19h 30min.,12.0,8.0,2284.0,12.0,81142.0,435722477.0,3639.0,13.5,37312.0,245007269.0,0.5623011938399497
602300071657,2355-G4,Kpne_VC_71657,73,50.0,77.0,2023-07-25,2023-07-25,,x,118.0,4.25,DNeasy Blood & Tissue,FLO-MIN106,MN40875,MIN106_DNA,FAW24535,1396.0,1225.0,19h 30min.,12.0,1.0,2012.0,14.2,186603.0,810372554.0,2524.0,15.0,132979.0,658334017.0,0.8123843949927257
602300173930,2357-B7,Kpne_VC_73930,33,33.0,,2023-09-04,,,x,37.0,5.0,DNeasy Blood & Tissue,FLO-MIN106,MN40875,MIN106_DNA,FAW24535,1396.0,1225.0,19h 30min.,12.0,9.0,472.0,13.4,160496.0,273001157.0,1083.0,14.3,78086.0,210817412.0,0.7722216796319292
602300176350,2358-D5,Kpne_VC_76350,15,15.0,,2023-08-23,,,x,36.0,4.79,DNeasy Blood & Tissue,FLO-MIN106,MN40875,MIN106_DNA,FAW24535,1396.0,1225.0,19h 30min.,4.0,0.0,3327.0,12.5,68858.0,329033732.0,3424.0,13.2,40461.0,205259215.0,0.623824231492472
602300176957,2358-F1,Ecol_VC_76957,24,24.0,,2023-09-04,,,x,,0.0,DNeasy Blood & Tissue,FLO-MIN106,MN40875,MIN106_DNA,FAW24535,1396.0,1225.0,19h 30min.,7.0,7.0,,,,,,,,,
602300178454,2367-B3,Kpne_VC_78454,39,39.0,,2023-09-04,,,x,80.0,4.0,DNeasy Blood & Tissue,FLO-MIN106,MN40875,MIN106_DNA,FAW24535,1396.0,1225.0,19h 30min.,12.0,9.0,978.0,13.4,178435.0,583458576.0,1632.0,14.2,106507.0,448446886.0,0.7686010703183151
602300180031,2359-H9,Kpne_VC_80031,2,2.0,,2024-05-15,,,x,103.0,4.4,DNeasy Blood & Tissue,SQK-RBK114-96,MN43898,MIN114_DNA_e8_2_400K,FAY95577,1299.0,579.0,17h 32min.,6.0,1.0,2054.0,19.2,153167.0,610077569.0,2352.0,19.9,136785.0,591276605.0,0.9691826663438596
602300182337,2360-D6,Ecol_VC_82337,23,23.0,,2023-09-04,,,x,,0.0,DNeasy Blood & Tissue,FLO-MIN106,MN40875,MIN106_DNA,FAW24535,1396.0,1225.0,19h 30min.,7.0,7.0,,,,,,,,,
602300183158,2364-E2,Eclo_VC_83158,16,16.0,,2023-08-23,,,x,34.0,3.65,DNeasy Blood & Tissue,FLO-MIN106,MN40875,MIN106_DNA,FAW24535,1396.0,1225.0,19h 30min.,4.0,0.0,1408.0,12.6,91049.0,275401096.0,1801.0,13.3,50461.0,175099172.0,0.6357969323404581
602300183940,2360-H2,Kpne_VC_83940,34,34.0,,2023-09-04,,,x,20.0,0.45,DNeasy Blood & Tissue,FLO-MIN106,MN40875,MIN106_DNA,FAW24535,1396.0,1225.0,19h 30min.,12.0,9.0,303.0,13.1,164182.0,157087053.0,779.0,14.2,62696.0,110921588.0,0.7061154046858337
602300183940,2360-H2,Ecol_VC_83940,27,22.0,27.0,2023-09-04,2023-07-25,,x,,0.0,DNeasy Blood & Tissue,FLO-MIN106,MN40875,MIN106_DNA,FAW24535,1396.0,1225.0,19h 30min.,12.0,12.0,,,,,,,,,
602300184278,2360-G2,Kpne_VC_84278,41,41.0,,2023-09-04,,,x,28.0,2.62,DNeasy Blood & Tissue,FLO-MIN106,MN40875,MIN106_DNA,FAW24535,1396.0,1225.0,19h 30min.,12.0,9.0,488.0,13.2,134068.0,206753826.0,949.0,14.2,66069.0,154025241.0,0.7449692418267511
602300184387,2360-G1,Kpne_VC_84387,3,42.0,30.0,2023-09-04,2023-07-25,2023-07-25,x,36.0,4.25,DNeasy Blood & Tissue,FLO-MIN106,MN40875,MIN106_DNA,FAW24535,1396.0,1225.0,19h 30min.,16.0,12.0,787.0,12.2,153411.0,388115576.0,1657.0,13.9,54748.0,203438535.0,0.524169983324761
602300185325,2361-F1,Kpne_VC_85325,69,40.0,29.0,2023-09-04,2023-07-25,2023-07-25,x,214.0,5.0,DNeasy Blood & Tissue,FLO-MIN106,MN40875,MIN106_DNA,FAW24535,1396.0,1225.0,19h 30min.,12.0,1.0,1224.0,14.0,347922.0,1406672530.0,2456.0,14.9,220207.0,1207529065.0,0.8584294064518343
602300188010,2362-I6,Ecol_VC_88010,25,25.0,,2023-09-04,,,x,12.0,5.0,DNeasy Blood & Tissue,FLO-MIN106,MN40875,MIN106_DNA,FAW24535,1396.0,1225.0,19h 30min.,7.0,7.0,792.0,10.4,60340.0,250530004.0,2165.0,13.1,11647.0,66844588.0,0.26681270479682745
602300188012,2362-E8,Kpne_VC_88012,38,38.0,,2023-09-04,,,x,25.0,0.27,DNeasy Blood & Tissue,FLO-MIN106,MN40875,MIN106_DNA,FAW24535,1396.0,1225.0,19h 30min.,12.0,9.0,459.0,13.3,162329.0,193746290.0,853.0,14.2,78858.0,141545972.0,0.7305738447946539
602300190453,2363-A5,Kpne_VC_90453,36,36.0,,2023-09-04,,,x,38.0,2.58,DNeasy Blood & Tissue,FLO-MIN106,MN40875,MIN106_DNA,FAW24535,1396.0,1225.0,19h 30min.,12.0,9.0,603.0,13.2,132103.0,289361719.0,1119.0,14.2,69871.0,219502023.0,0.7585731234890818
602300204380,2369-E7,Ecol_VC_04380,28,37.0,28.0,2023-09-04,2023-07-25,,x,30.0,1.33,DNeasy Blood & Tissue,FLO-MIN106,MN40875,MIN106_DNA,FAW24535,1396.0,1225.0,19h 30min.,12.0,12.0,1403.0,13.1,96415.0,212124310.0,2643.0,13.9,51727.0,152608338.0,0.7194288009705253
602300204441,2370-B1,Kpne_VC_04441,48,48.0,,2023-09-04,,,x,46.0,4.62,DNeasy Blood & Tissue,FLO-MIN106,MN40875,MIN106_DNA,FAW24535,1396.0,1225.0,19h 30min.,11.0,3.0,2140.0,13.5,80119.0,332138938.0,2754.0,14.2,54182.0,255923256.0,0.770530722898861
602300205337,2369-C9,Kpne_VC_05337,35,35.0,,2023-09-04,,,x,30.0,2.81,DNeasy Blood & Tissue,FLO-MIN106,MN40875,MIN106_DNA,FAW24535,1396.0,1225.0,19h 30min.,12.0,9.0,541.0,13.3,117633.0,222881961.0,1041.0,14.2,60766.0,170258663.0,0.7638961100131383
602300206209,2369-I9,Kpne_VC_06209,46,46.0,,2023-09-04,,,x,101.0,5.0,DNeasy Blood & Tissue,FLO-MIN106,MN40875,MIN106_DNA,FAW24535,1396.0,1225.0,19h 30min.,11.0,3.0,3209.0,13.5,109477.0,724152760.0,4059.0,14.2,75995.0,565908104.0,0.7814761404762166
602300209381,2370-H1,Kpne_VC_09381,49,49.0,,2023-09-04,,,x,221.0,5.0,DNeasy Blood & Tissue,FLO-MIN106,MN40875,MIN106_DNA,FAW24535,1396.0,1225.0,19h 30min.,11.0,3.0,2302.0,13.5,389615.0,1629666524.0,2711.0,14.2,274440.0,1266818859.0,0.7773485190642598
602300211050,2371-E4,Ecol_VC_11050,62,44.0,31.0,2023-09-04,2023-07-25,2023-07-25,x,40.0,4.04,DNeasy Blood & Tissue,FLO-MIN106,MN40875,MIN106_DNA,FAW24535,1396.0,1225.0,19h 30min.,13.0,2.0,1040.0,13.7,78192.0,249087702.0,2021.0,14.7,45002.0,201848543.0,0.8103512994792493
602300213481,2371-H1,Eclo_VC_13481,43,43.0,,2023-09-04,,,x,24.0,2.06,DNeasy Blood & Tissue,FLO-MIN106,MN40875,MIN106_DNA,FAW24535,1396.0,1225.0,19h 30min.,12.0,9.0,564.0,13.3,105826.0,167373316.0,949.0,14.2,55651.0,123873638.0,0.7401038645849617
602300214897,2373-B3,Kpne_VC_14897,50,50.0,,2023-09-04,,,x,81.0,3.75,DNeasy Blood & Tissue,FLO-MIN106,MN40875,MIN106_DNA,FAW24535,1396.0,1225.0,19h 30min.,11.0,3.0,1720.0,13.4,140631.0,582821184.0,2562.0,14.2,89759.0,447619219.0,0.7680215326558892
602300215326,2373-A1,Eclo_VC_15326,47,47.0,,2023-09-04,,,x,110.0,4.4,DNeasy Blood & Tissue,FLO-MIN106,MN40875,MIN106_DNA,FAW24535,1396.0,1225.0,19h 30min.,11.0,3.0,2106.0,13.5,217561.0,721836881.0,2402.0,14.2,153030.0,558094143.0,0.7731582545724759
602300215852,2373-F3,Kpne_VC_15852,33,56.0,33.0,2023-09-04,2023-07-25,,x,24.0,5.0,DNeasy Blood & Tissue,FLO-MIN106,MN40875,MIN106_DNA,FAW24535,1396.0,1225.0,19h 30min.,12.0,12.0,3871.0,13.0,24660.0,188013207.0,4647.0,13.8,16319.0,138713398.0,0.7377853939803282
602300218889,2375-H5,Kpne_VC_18889,56,57.0,56.0,2023-09-04,2023-07-25,,x,126.0,5.0,DNeasy Blood & Tissue,FLO-MIN106,MN40875,MIN106_DNA,FAW24535,1396.0,1225.0,19h 30min.,13.0,2.0,3237.5,14.5,134666.0,841352584.0,3769.0,15.1,105340.0,716314935.0,0.8513849587226086
602300220868,2375-B5,Kpne_VC_20868,51,51.0,,2023-09-04,,,x,165.0,4.25,DNeasy Blood & Tissue,FLO-MIN106,MN40875,MIN106_DNA,FAW24535,1396.0,1225.0,19h 30min.,11.0,3.0,1742.0,13.3,238129.0,1220838084.0,2603.0,14.1,151599.0,921995332.0,0.755215080593767
602300223442,2375-G4,Kpne_VC_23442,63,52.0,32.0,2023-09-04,2023-07-25,2023-07-25,x,63.0,5.0,DNeasy Blood & Tissue,FLO-MIN106,MN40875,MIN106_DNA,FAW24535,1396.0,1225.0,19h 30min.,13.0,2.0,2104.0,13.8,81111.0,441061953.0,2902.0,14.6,55551.0,361121261.0,0.8187540515425051
602300228332,2377-F2,Kpne_VC_28332,10,10.0,,2023-09-04,,,x,74.0,5.0,DNeasy Blood & Tissue,FLO-MIN106,MN40875,MIN106_DNA,FAW24535,1396.0,1225.0,19h 30min.,12.0,3.0,2101.0,14.6,123356.0,479672713.0,2607.0,15.1,94839.0,417881914.0,0.8711813340109676
602300229391,2379-B4,Kpne_VC_29391,11,11.0,,2023-09-04,,,x,471.0,3.75,DNeasy Blood & Tissue,FLO-MIN106,MN40875,MIN106_DNA,FAW24535,1396.0,1225.0,19h 30min.,12.0,3.0,3109.0,14.6,463620.0,2917469107.0,4137.0,15.1,353719.0,2563025478.0,0.8785098947064874
602300230280,2379-A3,Kpne_VC_30280,12,12.0,,2023-09-04,,,x,189.0,5.0,DNeasy Blood & Tissue,FLO-MIN106,MN40875,MIN106_DNA,FAW24535,1396.0,1225.0,19h 30min.,12.0,3.0,3180.0,14.7,173699.0,1182150607.0,4285.0,15.1,133569.0,1050367476.0,0.8885225535395762
602300230556,2378-E9,Kpne_VC_30556,78,78.0,,2023-07-25,,,x,69.0,3.25,DNeasy Blood & Tissue,FLO-MIN106,MN40875,MIN106_DNA,FAW24535,1396.0,1225.0,19h 30min.,14.0,1.0,5074.0,14.4,41806.0,464922506.0,6077.0,14.8,32896.0,398224906.0,0.8565403929918591
602300230750,2380-G1,Kpne_VC_30750,14,14.0,,2023-07-25,,,x,91.0,5.0,DNeasy Blood & Tissue,FLO-MIN106,MN40875,MIN106_DNA,FAW24535,1396.0,1225.0,19h 30min.,11.0,1.0,3356.0,14.4,82502.0,595913411.0,3969.0,14.8,65005.0,514681677.0,0.863685340016622
602300231067,2378-FT,Ecol_VC_31067,8,8.0,,2023-09-04,,,x,43.0,4.05,DNeasy Blood & Tissue,FLO-MIN106,MN40875,MIN106_DNA,FAW24535,1396.0,1225.0,19h 30min.,12.0,3.0,1216.0,14.3,118931.0,264686153.0,1204.0,14.9,83338.0,226718278.0,0.8565551141619411
602300233566,2380-A5,Kpne_VC_33566,13,13.0,,2023-07-25,,,x,106.0,4.25,DNeasy Blood & Tissue,FLO-MIN106,MN40875,MIN106_DNA,FAW24535,1396.0,1225.0,19h 30min.,11.0,1.0,2913.0,14.4,128711.0,685079027.0,3425.0,14.8,101287.0,590670311.0,0.862192955441329
602300234038,2380-E4,Kpne_VC_34038,16,16.0,,2023-07-25,,,x,100.0,5.0,DNeasy Blood & Tissue,FLO-MIN106,MN40875,MIN106_DNA,FAW24535,1396.0,1225.0,19h 30min.,11.0,1.0,3231.0,14.4,112265.0,648305220.0,3713.0,14.8,88599.0,556639925.0,0.8586078097597302
602300236497,2380-H8,Kpne_VC_36497,17,17.0,,2023-07-25,,,x,110.0,4.25,DNeasy Blood & Tissue,FLO-MIN106,MN40875,MIN106_DNA,FAW24535,1396.0,1225.0,19h 30min.,11.0,1.0,3366.0,14.3,113689.0,714882438.0,3994.0,14.8,89040.0,615281611.0,0.8606752359469768
602300237870,2381-C9,Kpne_VC_37870,67,18.0,67.0,2023-07-25,2023-07-25,,x,65.0,5.0,DNeasy Blood & Tissue,FLO-MIN106,MN40875,MIN106_DNA,FAW24535,1396.0,1225.0,19h 30min.,12.0,1.0,1806.0,14.6,102200.0,427297654.0,2358.0,15.2,75440.0,365598796.0,0.8556068412208039
602300238570,2381-A5,Kpne_VC_38570,15,15.0,,2023-07-25,,,x,71.0,5.0,DNeasy Blood & Tissue,FLO-MIN106,MN40875,MIN106_DNA,FAW24535,1396.0,1225.0,19h 30min.,11.0,1.0,3425.0,14.3,72016.0,445518084.0,3899.0,14.7,57581.0,384027598.0,0.8619798203298074
602300241764,x,Kaer_VC_41764,82,82.0,,2023-09-04,,,x,38.0,5.0,DNeasy Blood & Tissue,FLO-MIN106,MN40875,MIN106_DNA,FAW24535,1396.0,1225.0,19h 30min.,11.0,1.0,633.0,13.0,106610.0,282129390.0,1015.0,13.9,55668.0,197800317.0,0.7010978792390258
602300242652,2383-A4,Ecol_VC_42652,35,9.0,25.0,2023-09-04,2023-07-25,2024-05-15,x,,0.0,DNeasy Blood & Tissue,SQK-RBK114-96,MN43898,MIN114_DNA_e8_2_400K,FAY95577,1299.0,579.0,17h 32min.,13.0,7.0,,,,,,,,,
602300243378,2383-F2,Kpne_VC_43378,20,20.0,,2023-07-25,,,x,129.0,4.5,DNeasy Blood & Tissue,FLO-MIN106,MN40875,MIN106_DNA,FAW24535,1396.0,1225.0,19h 30min.,11.0,1.0,3970.0,14.4,109375.0,830495177.0,4589.0,14.8,87137.0,717409091.0,0.8638329407179688
602300245095,2384-B9,Kpne_VC_45095,21,21.0,,2023-07-25,,,x,116.0,5.0,DNeasy Blood & Tissue,FLO-MIN106,MN40875,MIN106_DNA,FAW24535,1396.0,1225.0,19h 30min.,11.0,1.0,3789.0,14.4,106784.0,753030260.0,4385.0,14.8,84831.0,648154493.0,0.8607283497478574
602300246038,2384-H3,Ecol_VC_46038,24,24.0,,2023-07-25,,,x,133.0,3.93,DNeasy Blood & Tissue,FLO-MIN106,MN40875,MIN106_DNA,FAW24535,1396.0,1225.0,19h 30min.,11.0,1.0,3214.0,14.6,120630.0,800311504.0,3772.0,15.0,95680.0,692922338.0,0.865815791147243
602300248105,2384-H4,Kpne_VC_48105,22,22.0,,2023-07-25,,,x,61.0,5.0,DNeasy Blood & Tissue,FLO-MIN106,MN40875,MIN106_DNA,FAW24535,1396.0,1225.0,19h 30min.,11.0,1.0,3041.0,14.4,69429.0,399511461.0,3554.0,14.8,55106.0,345650829.0,0.865183762525401
602300249475,2384-I6,Kpne_VC_49475,23,23.0,,2023-07-25,,,x,40.0,2.81,DNeasy Blood & Tissue,FLO-MIN106,MN40875,MIN106_DNA,FAW24535,1396.0,1225.0,19h 30min.,11.0,1.0,2074.0,14.3,70170.0,259882246.0,2668.0,14.8,52856.0,223172492.0,0.8587446639198277
602300252741,2386-D6,Kpne_VC_52741,70,53.0,70.0,2023-07-25,2023-07-25,,x,212.0,5.0,DNeasy Blood & Tissue,FLO-MIN106,MN40875,MIN106_DNA,FAW24535,1396.0,1225.0,19h 30min.,12.0,1.0,3920.0,14.7,145541.0,1370533065.0,4751.0,15.1,115757.0,1199993248.0,0.8755667985288629
602300253524,2386-G3,Kpne_VC_53524,79,79.0,,2023-07-25,,,x,48.0,2.85,DNeasy Blood & Tissue,FLO-MIN106,MN40875,MIN106_DNA,FAW24535,1396.0,1225.0,19h 30min.,14.0,1.0,1557.0,14.1,101900.0,328061719.0,1958.0,14.8,72833.0,268537962.0,0.818559272378866
602300255222,2387-D2,Eclo_VC_55222,55,55.0,,2023-07-25,,,x,43.0,5.0,DNeasy Blood & Tissue,FLO-MIN106,MN40875,MIN106_DNA,FAW24535,1396.0,1225.0,19h 30min.,13.0,2.0,2647.0,14.4,54749.0,280830430.0,3305.0,15.1,40493.0,234508979.0,0.8350554425316373
602300256735,2387-D5,Kpne_VC_56735,54,54.0,,2023-07-25,,,x,32.0,4.62,DNeasy Blood & Tissue,FLO-MIN106,MN40875,MIN106_DNA,FAW24535,1396.0,1225.0,19h 30min.,13.0,2.0,3014.5,14.4,20704.0,213586962.0,4908.0,15.0,14629.0,182707003.0,0.8554220786191996
602300257943,2388-F6,Ecol_VC_57943,81,81.0,,2023-07-25,,,x,196.0,3.5,DNeasy Blood & Tissue,FLO-MIN106,MN40875,MIN106_DNA,FAW24535,1396.0,1225.0,19h 30min.,14.0,1.0,2723.0,14.3,200990.0,1290305009.0,3130.0,14.9,156423.0,1083959542.0,0.8400800852816034
602300259128,2388-B8,Kpne_VC_59128,80,80.0,,2023-07-25,,,x,46.0,5.0,DNeasy Blood & Tissue,FLO-MIN106,MN40875,MIN106_DNA,FAW24535,1396.0,1225.0,19h 30min.,14.0,1.0,2062.0,14.3,72473.0,311667240.0,2565.0,14.9,53197.0,260230752.0,0.8349634437036115
602300261733,2390-E3,Ecol_VC_61733,81,81.0,,2023-07-25,,,,90.0,3.93,DNeasy Blood & Tissue,FLO-MIN106,MN40875,MIN106_DNA,FAW24535,1396.0,1225.0,19h 30min.,13.0,1.0,2267.0,15.1,116272.0,512023556.0,2857.0,15.6,90042.0,447646309.0,0.8742689740625917
602300262418,2390-E6,Ecol_VC_62418,82,82.0,,2023-07-25,,,,,0.0,DNeasy Blood & Tissue,FLO-MIN106,MN40875,MIN106_DNA,FAW24535,1396.0,1225.0,19h 30min.,13.0,1.0,,,,,,,,,
602300267644,2392-I9,Ecol_VC_67644,2,2.0,,2023-07-25,,,x,21.0,2.25,DNeasy Blood & Tissue,FLO-MIN106,MN40875,MIN106_DNA,FAW24535,1396.0,1225.0,19h 30min.,16.0,12.0,1254.0,11.2,124592.0,357907094.0,1637.0,13.2,36512.0,119571025.0,0.33408397599406064
602300269174,2390-C4,Eclo_VC_69174,82,82.0,,2023-07-25,,,x,53.0,4.25,DNeasy Blood & Tissue,FLO-MIN106,MN40875,MIN106_DNA,FAW24535,1396.0,1225.0,19h 30min.,14.0,1.0,2396.0,14.2,71777.0,320574706.0,2440.0,14.9,52863.0,267266464.0,0.8337103926097027
602300272190,2392-D9,Kpne_VC_72190,83,83.0,,2023-07-25,,,x,56.0,5.0,DNeasy Blood & Tissue,FLO-MIN106,MN40875,MIN106_DNA,FAW24535,1396.0,1225.0,19h 30min.,14.0,1.0,2023.0,14.4,94317.0,370288416.0,2364.0,14.9,72685.0,315126020.0,0.8510285668779873
602300274835,2395-I6,Kpne_VC_74835,64,64.0,,2023-07-25,,,x,55.0,5.0,DNeasy Blood & Tissue,FLO-MIN106,MN40875,MIN106_DNA,FAW24535,1396.0,1225.0,19h 30min.,13.0,2.0,3813.0,14.3,40940.0,365448029.0,5309.0,15.0,29332.0,310145572.0,0.8486721705646414
602300276581,2393-H2,Kpne_VC_76581,12,,,,,,,,,,,,,,,,,,,,,,,,,,,
602300277792,2397-C3,Kpne_VC_77792,85,85.0,,2023-07-25,,,x,100.0,5.0,DNeasy Blood & Tissue,FLO-MIN106,MN40875,MIN106_DNA,FAW24535,1396.0,1225.0,19h 30min.,14.0,1.0,3191.0,14.3,125903.0,699956184.0,3588.0,14.8,98197.0,587718383.0,0.8396502473074801
602300278178,2394-G7,Ecol_VC_78178,84,84.0,,2023-07-25,,,,35.0,4.62,DNeasy Blood & Tissue,FLO-MIN106,MN40875,MIN106_DNA,FAW24535,1396.0,1225.0,19h 30min.,13.0,1.0,1409.0,14.7,71347.0,217017998.0,1925.0,15.4,51031.0,184378316.0,0.8495991931507911
602300282850,2396-E1,Kpne_VC_82850,65,65.0,,2023-07-25,,,x,31.0,5.0,DNeasy Blood & Tissue,FLO-MIN106,MN40875,MIN106_DNA,FAW24535,1396.0,1225.0,19h 30min.,13.0,2.0,3248.0,14.3,22507.0,194326373.0,4750.0,15.0,15818.0,163120752.0,0.8394164388587647
602300286500,2399-D8,Ecol_VC_86500,87,87.0,,2023-07-25,,,,50.0,5.0,DNeasy Blood & Tissue,FLO-MIN106,MN40875,MIN106_DNA,FAW24535,1396.0,1225.0,19h 30min.,13.0,1.0,1184.0,14.9,122143.0,324055168.0,1688.0,15.5,86272.0,276592327.0,0.8535346888835915
602300287833,2397-I7,Eclo_VC_87833,86,86.0,,2023-07-25,,,x,60.0,4.32,DNeasy Blood & Tissue,FLO-MIN106,MN40875,MIN106_DNA,FAW24535,1396.0,1225.0,19h 30min.,14.0,1.0,2416.0,13.9,73482.0,384864050.0,2591.0,14.5,53575.0,314446622.0,0.8170329808668801
602300288067,2398-C7,Kpne_VC_88067,87,87.0,,2023-07-25,,,x,60.0,5.0,DNeasy Blood & Tissue,FLO-MIN106,MN40875,MIN106_DNA,FAW24535,1396.0,1225.0,19h 30min.,14.0,1.0,1631.0,14.2,108020.0,407208312.0,2117.0,14.9,77667.0,339897902.0,0.8347027601931662
602300289496,2398-F7,Kpne_VC_89496,62,,,,,,,,,,,,,,,,,,,,,,,,,,,
602300290011,2398-H7,Eclo_VC_90011,88,88.0,,2023-07-25,,,x,117.0,4.1,DNeasy Blood & Tissue,FLO-MIN106,MN40875,MIN106_DNA,FAW24535,1396.0,1225.0,19h 30min.,14.0,1.0,2453.0,14.3,142968.0,706062277.0,2680.0,14.9,109502.0,595829802.0,0.8438771216211003
602300290497,2398-E5,Kpne_VC_90497,85,85.0,,2023-07-25,,,,92.0,4.1,DNeasy Blood & Tissue,FLO-MIN106,MN40875,MIN106_DNA,FAW24535,1396.0,1225.0,19h 30min.,13.0,1.0,2378.0,14.7,133724.0,598861955.0,2863.0,15.2,103821.0,518824225.0,0.8663502843489198
602300290819,2398-I5,Kpne_VC_90819,89,89.0,,2023-07-25,,,x,29.0,3.5,DNeasy Blood & Tissue,FLO-MIN106,MN40875,MIN106_DNA,FAW24535,1396.0,1225.0,19h 30min.,14.0,1.0,1591.0,14.2,68457.0,196596697.0,1958.0,14.9,49880.0,162729129.0,0.8277307375108138
602300291428,2399-A7,Kpne_VC_91428,90,90.0,,2023-07-25,,,x,37.0,5.0,DNeasy Blood & Tissue,FLO-MIN106,MN40875,MIN106_DNA,FAW24535,1396.0,1225.0,19h 30min.,14.0,1.0,2011.0,14.2,68509.0,255700785.0,2409.0,14.8,50414.0,210778277.0,0.824316112287258
602300292188,2399-B8,Kpne_VC_92188,91,91.0,,2023-07-25,,,x,48.0,5.0,DNeasy Blood & Tissue,FLO-MIN106,MN40875,MIN106_DNA,FAW24535,1396.0,1225.0,19h 30min.,14.0,1.0,2364.0,14.3,66867.0,323180793.0,3018.0,14.8,49103.0,272081837.0,0.8418873983021633
602300293171,2399-D2,Kpne_VC_93171,86,86.0,,2023-07-25,,,,43.0,4.25,DNeasy Blood & Tissue,FLO-MIN106,MN40875,MIN106_DNA,FAW24535,1396.0,1225.0,19h 30min.,13.0,1.0,2661.0,14.8,46930.0,269292959.0,3464.0,15.3,36354.0,238953227.0,0.8873355912732943
602300298199,2401-A8,Kpne_VC_98199,89,89.0,,2023-07-25,,,,81.0,3.5,DNeasy Blood & Tissue,FLO-MIN106,MN40875,MIN106_DNA,FAW24535,1396.0,1225.0,19h 30min.,13.0,1.0,3056.0,14.9,97273.0,519428542.0,3485.0,15.3,78911.0,457806816.0,0.8813663073601373
602300299133,2401-A2,Kpne_VC_99133,88,88.0,,2023-07-25,,,,61.0,4.25,DNeasy Blood & Tissue,FLO-MIN106,MN40875,MIN106_DNA,FAW24535,1396.0,1225.0,19h 30min.,13.0,1.0,1763.0,14.7,73964.0,384128390.0,2519.0,15.2,55227.0,338170663.0,0.8803584213080423
602300299271,2401-C6,Ecol_VC_99271,90,90.0,,2023-07-25,,,,43.0,5.0,DNeasy Blood & Tissue,FLO-MIN106,MN40875,MIN106_DNA,FAW24535,1396.0,1225.0,19h 30min.,13.0,1.0,2169.0,14.9,58216.0,264196514.0,3315.0,15.5,40905.0,229036162.0,0.8669159124484133
602300299830,2401-G7,Kpne_VC_99830,91,91.0,,2023-07-25,,,,249.0,5.0,DNeasy Blood & Tissue,FLO-MIN106,MN40875,MIN106_DNA,FAW24535,1396.0,1225.0,19h 30min.,13.0,1.0,5099.0,15.0,145682.0,1578265094.0,5997.0,15.3,119912.0,1415931333.0,0.89714417329691
602400000062,2403-A3,Eclo_VC_00062,16,16.0,,2023-07-25,,,x,86.0,4.0,DNeasy Blood & Tissue,FLO-MIN106,MN40875,MIN106_DNA,FAW24535,1396.0,1225.0,19h 30min.,16.0,12.0,2088.0,11.3,268785.0,1183161648.0,2286.0,13.2,87402.0,407445474.0,0.3443700822188922
602400001005,2403-C8,Kpne_VC_01005,93,93.0,,2023-07-25,,,,83.0,4.1,DNeasy Blood & Tissue,FLO-MIN106,MN40875,MIN106_DNA,FAW24535,1396.0,1225.0,19h 30min.,13.0,1.0,2089.0,14.7,89472.0,527408623.0,2984.0,15.2,67549.0,465224191.0,0.8820943964733015
602400002083,2405-H5,Kpne_VC_02083,26,26.0,,2023-07-25,,,x,94.0,4.4,DNeasy Blood & Tissue,FLO-MIN106,MN40875,MIN106_DNA,FAW24535,1396.0,1225.0,19h 30min.,14.0,1.0,1612.0,13.0,168759.0,751831366.0,2180.5,13.9,102576.0,528009068.0,0.7022972063658222
602400002675,2403-F3,Kpne_VC_02675,94,94.0,,2023-07-25,,,,104.0,3.88,DNeasy Blood & Tissue,FLO-MIN106,MN40875,MIN106_DNA,FAW24535,1396.0,1225.0,19h 30min.,13.0,1.0,2290.0,14.7,138936.0,674106345.0,2813.0,15.2,108863.0,586231464.0,0.8696424063476216
602400002762,2314-B2,Ecol_VC_02762,31,10.0,31.0,2023-07-25,2023-07-25,,x,34.0,0.17,DNeasy Blood & Tissue,FLO-MIN106,MN40875,MIN106_DNA,FAW24535,1396.0,1225.0,19h 30min.,14.0,1.0,1425.0,12.5,144718.0,364778513.0,1857.0,13.8,75198.0,206667765.0,0.5665568492516992
602400003826,2403-H5,Eclo_VC_03826,30,9.0,30.0,2023-07-25,2023-07-25,,x,82.0,5.0,DNeasy Blood & Tissue,FLO-MIN106,MN40875,MIN106_DNA,FAW24535,1396.0,1225.0,19h 30min.,14.0,1.0,1604.0,12.7,213613.0,629298902.0,2107.0,13.8,118696.0,408038428.0,0.6484016207611307
602400006271,2404-D3,Sent_VC_06271,29,8.0,29.0,2023-07-25,2023-07-25,,x,51.0,5.0,DNeasy Blood & Tissue,FLO-MIN106,MN40875,MIN106_DNA,FAW24535,1396.0,1225.0,19h 30min.,14.0,1.0,1613.5,12.2,174670.0,445683010.0,2490.0,13.7,83191.0,260557212.0,0.5846245114885578
602400006382,2403-I4,Ecol_VC_06382,45,1.0,20.0,2023-07-25,2023-07-25,2024-05-15,x,8944.0,0.81,DNeasy Blood & Tissue,SQK-RBK114-96,MN43898,MIN114_DNA_e8_2_400K,FAY95577,1299.0,579.0,17h 32min.,13.0,7.0,1501.0,11.9,414085.0,819968359.0,1785.0,13.4,185121.0,404728949.0,0.49359093501313994
602400006855,2405-D7,Kpne_VC_06855,14,14.0,,2023-07-25,,,x,66.0,5.0,DNeasy Blood & Tissue,FLO-MIN106,MN40875,MIN106_DNA,FAW24535,1396.0,1225.0,19h 30min.,16.0,12.0,2361.0,11.3,206354.0,1081341841.0,2942.0,13.2,65114.0,373938808.0,0.34580998701963667
602400007632,2405-B3,Kpne_VC_07632,32,18.0,32.0,2023-07-25,2023-07-25,,x,58.0,5.0,DNeasy Blood & Tissue,FLO-MIN106,MN40875,MIN106_DNA,FAW24535,1396.0,1225.0,19h 30min.,14.0,1.0,1481.0,12.5,185749.0,562421094.0,1810.0,13.8,97610.0,330579349.0,0.5877790725253275
602400008899,x,Kpne_VC_08899,12,12.0,,2023-07-25,,,x,20.0,4.25,DNeasy Blood & Tissue,FLO-MIN106,MN40875,MIN106_DNA,FAW24535,1396.0,1225.0,19h 30min.,16.0,12.0,1832.0,11.3,84910.0,305297540.0,2175.0,13.2,27617.0,107715374.0,0.35282096934027046
602400008901,x,Ecol_VC_08901,15,15.0,,2023-07-25,,,x,22.0,0.23,DNeasy Blood & Tissue,FLO-MIN106,MN40875,MIN106_DNA,FAW24535,1396.0,1225.0,19h 30min.,16.0,12.0,1523.0,11.4,103579.0,324051323.0,1957.0,13.2,34785.0,122448561.0,0.37786780151488536
602400010034,2407-G9,Pmir_VC_10034,19,19.0,,2023-07-25,,,x,44.0,5.0,DNeasy Blood & Tissue,FLO-MIN106,MN40875,MIN106_DNA,FAW24535,1396.0,1225.0,19h 30min.,14.0,1.0,1208.0,13.3,84955.0,250061724.0,1679.0,14.3,51517.0,180571189.0,0.7221064708007852
602400010122,x,Ecol_VC_10122,13,13.0,,2023-07-25,,,x,38.0,3.95,DNeasy Blood & Tissue,FLO-MIN106,MN40875,MIN106_DNA,FAW24535,1396.0,1225.0,19h 30min.,16.0,12.0,1510.0,11.3,134064.0,561725597.0,1916.0,13.2,43037.0,200370124.0,0.3567046349144741
602400010916,2404-I6,Kpne_VC_10916,27,27.0,,2023-07-25,,,x,40.0,4.62,DNeasy Blood & Tissue,FLO-MIN106,MN40875,MIN106_DNA,FAW24535,1396.0,1225.0,19h 30min.,14.0,1.0,2576.0,13.0,62497.0,316777098.0,3165.0,13.9,40104.0,226385767.0,0.7146532007184434
602400011842,2405-I3,Kpne_VC_11842,28,28.0,,2023-07-25,,,x,251.0,4.5,DNeasy Blood & Tissue,FLO-MIN106,MN40875,MIN106_DNA,FAW24535,1396.0,1225.0,19h 30min.,14.0,1.0,2495.0,12.8,355189.0,2010242950.0,3120.0,13.7,222808.0,1387095149.0,0.690013686654143
602400012560,2405-B4,Kpne_VC_12560,17,17.0,,2023-07-25,,,x,20.0,5.0,DNeasy Blood & Tissue,FLO-MIN106,MN40875,MIN106_DNA,FAW24535,1396.0,1225.0,19h 30min.,16.0,12.0,2088.0,11.3,86047.0,342798776.0,2439.0,13.2,27303.0,116919483.0,0.3410732219183886
602400013878,2407-B1,Eclo_VC_13878,33,33.0,,2024-05-15,,,x,18.0,2.75,DNeasy Blood & Tissue,SQK-RBK114-96,MN43898,MIN114_DNA_e8_2_400K,FAY95577,1299.0,579.0,17h 32min.,13.0,7.0,1254.0,12.3,57563.0,160646673.0,1673.0,13.5,28195.0,92307737.0,0.574600987846166
602400014812,2405-B4,Smar_VC_14812,79,,,,,,,,,,,,,,,,,,,,,,,,,,,
602400015918,2407-B1,Smar_VC_15918,80,,,,,,,,,,,,,,,,,,,,,,,,,,,
602400016894,2408-C7,Ecol_VC_16894,6,6.0,,2024-05-15,,,x,41.0,5.0,DNeasy Blood & Tissue,SQK-RBK114-96,MN43898,MIN114_DNA_e8_2_400K,FAY95577,1299.0,579.0,17h 32min.,6.0,1.0,2068.0,19.0,64277.0,218513033.0,2354.0,19.8,55225.0,210196925.0,0.9619422792049205
602400017167,2411-I8,Smar_VC_17167,82,,,,,,,,,,,,,,,,,,,,,,,,,,,
602400017578,2408-C7,Smar_VC_17578,81,,,,,,,,,,,,,,,,,,,,,,,,,,,
602400018121,2407-D8,Kpne_VC_18121,34,34.0,,2024-05-15,,,x,22.0,3.35,DNeasy Blood & Tissue,SQK-RBK114-96,MN43898,MIN114_DNA_e8_2_400K,FAY95577,1299.0,579.0,17h 32min.,13.0,7.0,1190.0,12.1,98958.0,242662685.0,1682.0,13.4,43997.0,129936935.0,0.5354631883348691
602400019845,2408-G9,Kpne_VC_19845,3,3.0,,2024-05-15,,,x,,0.0,DNeasy Blood & Tissue,SQK-RBK114-96,MN43898,MIN114_DNA_e8_2_400K,FAY95577,1299.0,579.0,17h 32min.,6.0,1.0,2478.0,18.8,158623.0,781086206.0,2841.0,19.3,141267.0,756847330.0,0.9689677326090176
602400021733,2408-F8,Kpne_VC_21733,4,4.0,,2024-05-15,,,x,69.0,4.5,DNeasy Blood & Tissue,SQK-RBK114-96,MN43898,MIN114_DNA_e8_2_400K,FAY95577,1299.0,579.0,17h 32min.,6.0,1.0,2086.0,19.2,114369.0,406395217.0,2315.0,19.8,103874.0,394580521.0,0.9709280633585803
602400026578,2410-B5,Eclo_VC_26578,15,15.0,,2024-05-15,,,x,75.0,5.0,DNeasy Blood & Tissue,SQK-RBK114-96,MN43898,MIN114_DNA_e8_2_400K,FAY95577,1299.0,579.0,17h 32min.,4.0,0.0,2826.0,19.3,59510.0,383406789.0,3490.0,19.9,52738.0,374398999.0,0.9765059194087458
602400027065,2410-D5,Ecol_VC_27065,1,1.0,,2024-05-15,,,x,136.0,5.0,DNeasy Blood & Tissue,SQK-RBK114-96,MN43898,MIN114_DNA_e8_2_400K,FAY95577,1299.0,579.0,17h 32min.,6.0,1.0,1724.0,19.2,216667.0,675072367.0,1972.0,19.9,191946.0,651889690.0,0.9656589750473374
602400028100,2411-I8,Eclo_VC_28100,74,77,,2024-05-15,,,x,14.0,3.88,DNeasy Blood & Tissue,SQK-RBK114-96,MN43898,MIN114_DNA_e8_2_400K,FAY95577,1299,579,17h 32min.,3.0,3.0,2676.0,11.6,18859.0,171387209.0,4109.0,13.1,7470.0,73858288.0,0.430943991858809
602400032254,2411-I8,Smar_VC_32254,83,,,,,,,,,,,,,,,,,,,,,,,,,,,
602400034514,2411-I8,Smar_VC_34514,77,,,,,,,,,,,,,,,,,,,,,,,,,,,
602400035511,2417-D1,Smar_VC_35511,78,,,,,,,,,,,,,,,,,,,,,,,,,,,
602400036053,2412-D8,Pmir_VC_36053,46,44.0,,2024-05-15,,,x,114.0,5.0,DNeasy Blood & Tissue,SQK-RBK114-96,MN43898,MIN114_DNA_e8_2_400K,FAY95577,1299.0,579.0,17h 32min.,4.0,0.0,1549.0,14.5,160120.0,574934241.0,2166.0,15.3,110132.0,469251439.0,0.8161828006344121
602400038082,2417-D3,Smar_VC_38082,48,,,,,,,,,,,,,,,,,,,,,,,,,,,
602400039320,2412-D8,Smar_VC_39320,51,,,,,,,,,,,,,,,,,,,,,,,,,,,
602400040153,2415-C4,Kpne_VC_40153,47,47.0,,2024-05-15,,,x,78.0,2.5,DNeasy Blood & Tissue,SQK-RBK114-96,MN43898,MIN114_DNA_e8_2_400K,FAY95577,1299.0,579.0,17h 32min.,4.0,0.0,1304.0,18.8,155917.0,445025856.0,1845.0,19.7,125763.0,430887314.0,0.9682298414589197
602400040189,2420-B2,Smar_VC_40189,84,,,,,,,,,,,,,,,,,,,,,,,,,,,
602400042357,2415-C4,Smar_VC_42357,50,,,,,,,,,,,,,,,,,,,,,,,,,,,
602400042490,2415-B4,Kpne_VC_42490,75,76,,2024-05-15,,,x,,0.0,DNeasy Blood & Tissue,SQK-RBK114-96,MN43898,MIN114_DNA_e8_2_400K,FAY95577,1299,579,17h 32min.,3.0,3.0,,,,,,,,,
602400043641,2415-B4,Smar_VC_43641,52,,,,,,,,,,,,,,,,,,,,,,,,,,,
602400044043,2415-F9,Cfre_VC_44043,45,45.0,,2024-05-15,,,x,154.0,4.17,DNeasy Blood & Tissue,SQK-RBK114-96,MN43898,MIN114_DNA_e8_2_400K,FAY95577,1299.0,579.0,17h 32min.,4.0,0.0,2134.0,19.0,218163.0,837084900.0,2195.0,19.6,192284.0,814577454.0,0.9731121108504048
602400045488,2416-D9,Kpne_VC_45488,73,,,,,,,,,,,,,,,,,,,,,,,,,,,
602400046536,2416-I4,Kpne_VC_46536,76,75,,2024-05-15,,,x,12.0,4.25,DNeasy Blood & Tissue,SQK-RBK114-96,MN43898,MIN114_DNA_e8_2_400K,FAY95577,1299,579,17h 32min.,3.0,3.0,4009.5,11.7,23902.0,162329572.0,4790.0,13.2,9397.0,70066428.0,0.4316307074351185
602400046788,2417-G4,Ecol_VC_46788,19,,,,,,,,,,,,,,,,,,,,,,,,,,,
602400047437,2417-D1,Kpne_VC_47437,65,,,,,,,,,,,,,,,,,,,,,,,,,,,
602400047658,2416-G8,Ecol_VC_47658,81,,,,,,,,,,,,,,,,,,,,,,,,,,,
602400047910,2417-D3,Eclo_VC_47910,72,,,,,,,,,,,,,,,,,,,,,,,,,,,
602400050161,2417-F3,Kpne_VC_50161,66,,,,,,,,,,,,,,,,,,,,,,,,,,,
602400050243,2420-B2,Ecol_VC_50243,18,,,,,,,,,,,,,,,,,,,,,,,,,,,
602400050946,2417-H8,Kpne_VC_50946,68,,,,,,,,,,,,,,,,,,,,,,,,,,,
602400051316,2418-C2,Kpne_VC_51316,67,,,,,,,,,,,,,,,,,,,,,,,,,,,
602400052041,2418-C7,Kpne_VC_52041,80,,,,,,,,,,,,,,,,,,,,,,,,,,,
602400053559,2418-H5,Kpne_VC_53559,35,,,,,,,,,,,,,,,,,,,,,,,,,,,
602400057342,2422-D2,Kpne_VC_57342,73,,,,,,,,,,,,,,,,,,,,,,,,,,,
602400063699,2423-D9,Kpne_VC_63699,33,,,,,,,,,,,,,,,,,,,,,,,,,,,
602400064677,2422-H3,Ecol_VC_64677,20,,,,,,,,,,,,,,,,,,,,,,,,,,,
602400064800,2422-C9,Cfre_VC_64800,64,,,,,,,,,,,,,,,,,,,,,,,,,,,
602400067240,2423-B3,Kpne_VC_67240,32,,,,,,,,,,,,,,,,,,,,,,,,,,,
602400075000,2426-B2,Kpne_VC_75000,58,,,,,,,,,,,,,,,,,,,,,,,,,,,
602400077906,2426-B3,Ecol_VC_77906,16,,,,,,,,,,,,,,,,,,,,,,,,,,,
602400080799,2427-A3,Ecol_VC_80799,26,,,,,,,,,,,,,,,,,,,,,,,,,,,
602400084494,2429-A6,Kpne_VC_84494,1,,,,,,,,,,,,,,,,,,,,,,,,,,,
602400093294,2431-C1,Eclo_VC_93294,39,,,,,,,,,,,,,,,,,,,,,,,,,,,
602400099562,2433-A5,Eclo_VC_99562,55,,,,,,,,,,,,,,,,,,,,,,,,,,,
602400100468,2433-F1,Ecol_VC_00468,1,,,,,,,,,,,,,,,,,,,,,,,,,,,
602400101941,2433-G1,Kpne_VC_01941,74,,,,,,,,,,,,,,,,,,,,,,,,,,,
602400101962,2433-F4,Kpne_VC_01962,13,,,,,,,,,,,,,,,,,,,,,,,,,,,
602400102549,2434-E7,Eclo_VC_02549,63,,,,,,,,,,,,,,,,,,,,,,,,,,,
602400103214,2434-C6,Kpne_VC_03214,2,,,,,,,,,,,,,,,,,,,,,,,,,,,
602400103233,2434-A9,Kpne_VC_03233,75,,,,,,,,,,,,,,,,,,,,,,,,,,,
602400104954,2435-B6,Ecol_VC_04954,60,,,,,,,,,,,,,,,,,,,,,,,,,,,
602400105644,2435-B8,Kpne_VC_05644,36,,,,,,,,,,,,,,,,,,,,,,,,,,,
602400105740,2435-B5,Ecol_VC_05740,38,,,,,,,,,,,,,,,,,,,,,,,,,,,
602400107633,2435-H8,Kpne_VC_07633,1,,,,,,,,,,,,,,,,,,,,,,,,,,,
602400110602,2438-C3,Kpne_VC_10602,77,,,,,,,,,,,,,,,,,,,,,,,,,,,
602400111262,2437-B2,Kpne_VC_11262,3,,,,,,,,,,,,,,,,,,,,,,,,,,,
602400117655,2441-D3,Kpne_VC_17655,3,,,,,,,,,,,,,,,,,,,,,,,,,,,
602400120156,2440-B3,Kpne_VC_20156,2,,,,,,,,,,,,,,,,,,,,,,,,,,,
602400122986,2441-C2,Kpne_VC_22986,18,,,,,,,,,,,,,,,,,,,,,,,,,,,
602400127182,2442-F2,Ecol_VC_27182,79,,,,,,,,,,,,,,,,,,,,,,,,,,,
602400128517,2443-A9,Ecol_VC_28517,3,,,,,,,,,,,,,,,,,,,,,,,,,,,
602400135047,2444-H5,Kpne_VC_35047,14,,,,,,,,,,,,,,,,,,,,,,,,,,,
602400136847,2444-G7,Eclo_VC_36847,81,,,,,,,,,,,,,,,,,,,,,,,,,,,
602400138409,2445-F6,Eclo_VC_38409,82,,,,,,,,,,,,,,,,,,,,,,,,,,,
602400141793,2446-E8,Kpne_VC_41793,6,,,,,,,,,,,,,,,,,,,,,,,,,,,
602400142030,2448-B2,Kpne_VC_42030,11,,,,,,,,,,,,,,,,,,,,,,,,,,,
602400143436,2447-B2,Ecol_VC_43436,7,,,,,,,,,,,,,,,,,,,,,,,,,,,
602400146730,2448-C5,Eclo_VC_46730,9,,,,,,,,,,,,,,,,,,,,,,,,,,,
602400146991,2447-H8,Ecol_VC_46991,5,,,,,,,,,,,,,,,,,,,,,,,,,,,
602400147375,2448-I1,Eclo_VC_47375,87,,,,,,,,,,,,,,,,,,,,,,,,,,,
602400147742,2448-D8,Rorn_VC_47742,16,,,,,,,,,,,,,,,,,,,,,,,,,,,
602400150498,2449-C3,Kpne_VC_50498,83,,,,,,,,,,,,,,,,,,,,,,,,,,,
602400150558,2449-C8,Kpne_VC_50558,19,,,,,,,,,,,,,,,,,,,,,,,,,,,
602400150986,2449-E1,Kpne_VC_50986,20,,,,,,,,,,,,,,,,,,,,,,,,,,,
602400156088,2450-H5,Ecol_VC_56088,28,,,,,,,,,,,,,,,,,,,,,,,,,,,
602400156089,2450-H1,Kpne_VC_56089,20,,,,,,,,,,,,,,,,,,,,,,,,,,,
602400157425,2451-D2,Kpne_VC_57425,85,,,,,,,,,,,,,,,,,,,,,,,,,,,
602400162312,2452-C9,Kpne_VC_62312,39,,,,,,,,,,,,,,,,,,,,,,,,,,,
602400162793,2452-D6,Kpne_VC_62793,86,,,,,,,,,,,,,,,,,,,,,,,,,,,
602400162980,2452-E1,Kpne_VC_62980,41,,,,,,,,,,,,,,,,,,,,,,,,,,,
602400163685,2452-F4,Kpne_VC_63685,42,,,,,,,,,,,,,,,,,,,,,,,,,,,
602400166487,2453-C9,Kpne_VC_66487,43,,,,,,,,,,,,,,,,,,,,,,,,,,,
602400167478,2458-C5,Eclo_VC_67478,33,,,,,,,,,,,,,,,,,,,,,,,,,,,
602400173569,2457-A5,Kpne_VC_73569,45,,,,,,,,,,,,,,,,,,,,,,,,,,,
602400174531,2455-H9,Eclo_VC_74531,44,,,,,,,,,,,,,,,,,,,,,,,,,,,
602400176551,2457-E1,Eclo_VC_76551,23,,,,,,,,,,,,,,,,,,,,,,,,,,,
602400177542,2457-H8,Eclo_VC_77542,46,,,,,,,,,,,,,,,,,,,,,,,,,,,
602400179238,2458-A1,Kpne_VC_79238,47,,,,,,,,,,,,,,,,,,,,,,,,,,,
602400179454,2457-I6,Ecol_VC_79454,31,,,,,,,,,,,,,,,,,,,,,,,,,,,
602400180593,2458-D8,Eclo_VC_80593,25,,,,,,,,,,,,,,,,,,,,,,,,,,,
602400182085,2460-A2,Kpne_VC_82085,34,,,,,,,,,,,,,,,,,,,,,,,,,,,
602400185652,2458-G7,Koxy_VC_85652,49,,,,,,,,,,,,,,,,,,,,,,,,,,,
602400187007,2463-B9,Kpne_VC_87007,4,,,,,,,,,,,,,,,,,,,,,,,,,,,
602400187251,2460-D2,Eclo_VC_87251,27,,,,,,,,,,,,,,,,,,,,,,,,,,,
602400188490,2460-F1,Eclo_VC_88490,26,,,,,,,,,,,,,,,,,,,,,,,,,,,
602400190784,2461-E3,Ecol_VC_90784,51,,,,,,,,,,,,,,,,,,,,,,,,,,,
602400198180,2462-G6,Eclo_VC_98180,52,,,,,,,,,,,,,,,,,,,,,,,,,,,
602400200631,2464-D4,Kpne_VC_00631,54,,,,,,,,,,,,,,,,,,,,,,,,,,,
602400208367,2467-F9,Kpne_VC_08367,60,,,,,,,,,,,,,,,,,,,,,,,,,,,
602400209574,2467-F6,Ecol_VC_09574,59,,,,,,,,,,,,,,,,,,,,,,,,,,,
602400210962,2467-A2,Cfre_VC_10962,57,,,,,,,,,,,,,,,,,,,,,,,,,,,
602400214304,2468-I8,Ecol_VC_14304,62,,,,,,,,,,,,,,,,,,,,,,,,,,,
602400214761,2468-I9,Eclo_VC_14761,63,,,,,,,,,,,,,,,,,,,,,,,,,,,
602400215646,2468-I8,Kpne_VC_15646,66,,,,,,,,,,,,,,,,,,,,,,,,,,,
602400217479,2469-F8,Kpne_VC_17479,79,,,,,,,,,,,,,,,,,,,,,,,,,,,
602400217733,2469-F7,Kpne_VC_17733,68,,,,,,,,,,,,,,,,,,,,,,,,,,,
602400221759,2471-A5,Pmir_VC_21759,78,,,,,,,,,,,,,,,,,,,,,,,,,,,
602200422414,2263-G1,Eclo_VC_22414,88,59.0,89.0,2023-05-29,2023-09-04,,x,92.0,5.0,DNeasy Blood & Tissue,FLO-MIN106,MN40875,MIN106_DNA,FAW24535,1396.0,1225.0,19h 30min.,11.0,1.0,2323.0,12.8,163118.0,730783992.0,2500.0,13.7,100255.0,494255951.0,0.6763365870225575
602400228269,2472-F6,Kpne_VC_28269,77,,,,,,,,,,,,,,,,,,,,,,,,,,,
602400228964,2472-I8,Kpne_VC_28964,76,,,,,,,,,,,,,,,,,,,,,,,,,,,
602400229446,2476-C5,Eclo_VC_29446,73,,,,,,,,,,,,,,,,,,,,,,,,,,,
602400230867,2474-I4,Kpne_VC_30867,74,,,,,,,,,,,,,,,,,,,,,,,,,,,
602400232018,2473-H8,Kpne_VC_32018,75,,,,,,,,,,,,,,,,,,,,,,,,,,,
602400234542,2478-C6,Kpne_VC_34542,80,,,,,,,,,,,,,,,,,,,,,,,,,,,
602400240349,2478-C7,Ckos_VC_40349,81,,,,,,,,,,,,,,,,,,,,,,,,,,,
602400245111,2477-H5,Pmir_VC_45111,70,,,,,,,,,,,,,,,,,,,,,,,,,,,
602400247396,2478-D7,Eclo_VC_47396,6,,,,,,,,,,,,,,,,,,,,,,,,,,,
602400247397,2478-D8,Kpne_VC_47397,7,,,,,,,,,,,,,,,,,,,,,,,,,,,
602400247673,2478-H9,Eclo_VC_47673,9,,,,,,,,,,,,,,,,,,,,,,,,,,,
602400248094,2478-H8,Eclo_VC_48094,8,,,,,,,,,,,,,,,,,,,,,,,,,,,
602400250351,2479-C9,Ecol_VC_50351,10,,,,,,,,,,,,,,,,,,,,,,,,,,,
602400250497,2479-E8,Kpne_VC_50497,11,,,,,,,,,,,,,,,,,,,,,,,,,,,
602400254541,2480-C7,Kpne_VC_54541,12,,,,,,,,,,,,,,,,,,,,,,,,,,,
602400255759,2481-C9,Kpne_VC_55759,15,,,,,,,,,,,,,,,,,,,,,,,,,,,
602400256316,2481-C1,Eclo_VC_56316,13,,,,,,,,,,,,,,,,,,,,,,,,,,,
602400257096,2481-C8,Cfre_VC_57096,14,,,,,,,,,,,,,,,,,,,,,,,,,,,
602400257570,2482-C7,Eclo_VC_57570,20,,,,,,,,,,,,,,,,,,,,,,,,,,,
602400257889,2482-C1,Kpne_VC_57889,19,,,,,,,,,,,,,,,,,,,,,,,,,,,
602400257964,2481-F9,Cfre_VC_57964,16,,,,,,,,,,,,,,,,,,,,,,,,,,,
602400261227,2483-E4,Ecol_VC_61227,22,,,,,,,,,,,,,,,,,,,,,,,,,,,
602400262077,2483-E6,Kpne_VC_62077,24,,,,,,,,,,,,,,,,,,,,,,,,,,,
602400263025,2482-H8,Smar_VC_63025,21,,,,,,,,,,,,,,,,,,,,,,,,,,,
602400287636,2397-C3,Kpne_VC_87636,71,,,,,,,,,,,,,,,,,,,,,,,,,,,
1000004602388,2382-E2,Koxy_VC_02388,36,81.0,36.0,2023-09-04,2023-07-25,,x,21.0,1.5,DNeasy Blood & Tissue,FLO-MIN106,MN40875,MIN106_DNA,FAW24535,1396.0,1225.0,19h 30min.,12.0,12.0,2304.0,12.8,49634.0,201907438.0,2805.0,13.7,30143.0,135813265.0,0.6726511234321144
2400229036-1,2473-G1,Kpne_VC_036-1,92,,,,,,,,,,,,,,,,,,,,,,,,,,,
2400229036-2,2473-G2,Ecol_VC_036-2,5,,,,,,,,,,,,,,,,,,,,,,,,,,,
602300192751-2,2364-C8,Ecol_VC_751-2,14,14.0,,2023-08-23,,,x,52.0,4.5,DNeasy Blood & Tissue,FLO-MIN106,MN40875,MIN106_DNA,FAW24535,1396.0,1225.0,19h 30min.,4.0,0.0,2249.5,12.8,90174.0,394938734.0,2559.0,13.4,55904.0,264469431.0,0.6696467280416207
602300236349-1,x,Kpne_VC_349-1,79,79.0,,2023-09-04,,,x,46.0,4.7,DNeasy Blood & Tissue,FLO-MIN106,MN40875,MIN106_DNA,FAW24535,1396.0,1225.0,19h 30min.,11.0,1.0,2102.0,12.9,94285.0,384940207.0,2649.0,13.8,58400.0,266383120.0,0.6920116816999582
602300236349-2,x,Kpne_VC_349-2,80,80.0,,2023-09-04,,,x,56.0,3.83,DNeasy Blood & Tissue,FLO-MIN106,MN40875,MIN106_DNA,FAW24535,1396.0,1225.0,19h 30min.,11.0,1.0,1581.0,12.9,109055.0,474491715.0,2239.0,13.8,64746.0,328497136.0,0.6923137446140656
602400120156-2,2440-B3,Kpne_VC_156-2,82,,,,,,,,,,,,,,,,,,,,,,,,,,,
602400130536_1,2443-E4,Eclo_VC_536_1,80,,,,,,,,,,,,,,,,,,,,,,,,,,,
602400130536_2,2446-E7,Ecol_VC_536_2,4,,,,,,,,,,,,,,,,,,,,,,,,,,,
602400158999-1,2452-A9,Ecol_VC_999-1,29,,,,,,,,,,,,,,,,,,,,,,,,,,,
602400158999-2,2452-B6,Kpne_VC_999-2,38,,,,,,,,,,,,,,,,,,,,,,,,,,,
602400176135-1,2458-B5,Kpne_VC_135-1,48,,,,,,,,,,,,,,,,,,,,,,,,,,,
602400176135-2,2458-B6,Ecol_VC_135-2,30,,,,,,,,,,,,,,,,,,,,,,,,,,,
602400181285-1,2458-H7,Kpne_VC_285-1,50,,,,,,,,,,,,,,,,,,,,,,,,,,,
602400181285-2,2459-C2,Ecol_VC_285-2,32,,,,,,,,,,,,,,,,,,,,,,,,,,,
602400213804-1,2468-F1,Kpne_VC_804-1,61,,,,,,,,,,,,,,,,,,,,,,,,,,,
602400213804-2,2469-A2,Ecol_VC_804-2,64,,,,,,,,,,,,,,,,,,,,,,,,,,,
602400214313-1,2469-A6,Kpne_VC_313-1,65,,,,,,,,,,,,,,,,,,,,,,,,,,,
602400214313-2,2471-E2,Ecol_VC_313-2,89,,,,,,,,,,,,,,,,,,,,,,,,,,,
602400221278-1,2471-I4,Kpne_VC_278-1,90,,,,,,,,,,,,,,,,,,,,,,,,,,,
602400221278-2,2471-C8,Ecol_VC_278-2,91,,,,,,,,,,,,,,,,,,,,,,,,,,,
602400241953-2,2476-H3,Ecol_VC_953-2,71,,,,,,,,,,,,,,,,,,,,,,,,,,,
602400241953-3,2476-H3,Koxy_VC_953-3,72,,,,,,,,,,,,,,,,,,,,,,,,,,,
602400257806-1,2481-I3,Ecol_VC_806-1,17,,,,,,,,,,,,,,,,,,,,,,,,,,,
602400257806-2,2481-I4,Kaer_VC_806-2,18,,,,,,,,,,,,,,,,,,,,,,,,,,,
602400260224-2,pendiente,Ecol_VC_224-2,23,,,,,,,,,,,,,,,,,,,,,,,,,,,
602300030341,2309-D3,Acav_VC_30341,1,1.0,,2023_04_12,,,,75.0,5,DNeasy Blood & Tissue,SQK-RBK114-96,MN43898,MIN114_DNA_e8_2_400K,FAY95577,1299.0,579.0,17h 32min.,10.0,2.0,2032.0,"12,8",119983.0,500902471.0,"2535,5","13,3",73810.0,348991260.0,"0,696724971835885"
602300039127,2312-A2,Abau_VC_39127,73,73.0,,2023-06-13,,,,,0.02,DNeasy Blood & Tissue,FLO-MIN106,MN40875,MIN106_DNA,FAW24535,1396.0,1225.0,19h 30min.,2.0,1.0,,,,,,,,,
602300146632,2347-G7,Ahyd_VC_46632,30,30.0,,2023-06-27,,,x,28.0,2.08,DNeasy Blood & Tissue,FLO-MIN106,MN40875,MIN106_DNA,FAW24535,1396.0,1225.0,19h 30min.,13.0,11.0,1287.0,13.6,98946.0,277929777.0,1667.0,14.2,66769.0,219047339.0,0.7881391528623434
602300166096,2353-G6,Pput_VC_66096,68,68.0,68.0,2023-07-25,2023-08-13,,x,30.0,3.5,DNeasy Blood & Tissue,FLO-MIN106,MN40875,MIN106_DNA,FAW24535,1396.0,1225.0,19h 30min.,17.0,4.0,920.0,13.0,70597.0,244033976.0,1877.0,14.2,38491.0,183126431.0,0.7504136678082891
602200374322,2251-F8,Paer_VC_74322,54,54.0,,2023-09-04,,,x,,0.0,DNeasy Blood & Tissue,FLO-MIN106,MN40875,MIN106_DNA,FAW24535,1396.0,1225.0,19h 30min.,11.0,3.0,,,,,,,,,
4588546,2379-C3,Pput_VC_88546,35,35.0,74.0,2023-07-25,2023-07-25,,x,26.0,5.0,DNeasy Blood & Tissue,FLO-MIN106,MN40875,MIN106_DNA,FAW24535,1396.0,1225.0,19h 30min.,12.0,1.0,2233.0,13.9,30507.0,189256607.0,3200.0,14.7,21790.0,161395031.0,0.8527841302787385
24904339904,2339-E2,Paer_VC_39904,71,71.0,,2023-07-25,,,x,50.0,5.0,DNeasy Blood & Tissue,FLO-MIN106,MN40875,MIN106_DNA,FAW24535,1396.0,1225.0,19h 30min.,12.0,1.0,2158.0,14.6,82630.0,400272669.0,2936.0,15.0,63285.0,355990986.0,0.8893712051071866
602400006381,2404-F5,Paer_VC_06381,11,11.0,,2023-07-25,,,x,19.0,2.75,DNeasy Blood & Tissue,FLO-MIN106,MN40875,MIN106_DNA,FAW24535,1396.0,1225.0,19h 30min.,16.0,12.0,1641.0,11.3,112935.0,386180445.0,2083.0,13.2,36285.0,138406171.0,0.35839766821958063
1237408,1957-D5,Paer_VC_37408,36,36.0,,2024-05-15,,,x,22.0,3.5,DNeasy Blood & Tissue,SQK-RBK114-96,MN43898,MIN114_DNA_e8_2_400K,FAY95577,1299.0,579.0,17h 32min.,13.0,7.0,2034.0,12.5,54033.0,228343449.0,2577.5,13.5,29844.0,144169005.0,0.6313691311547107
